R,regime,dv_hohmann_bar,dv_bielliptic_infinite_bar,dv_best_bar,best_endpoint,saving_bar,saving_m_s,best_endpoint_attainable
1.01,hohmann_only,0.004962779080076848,0.8263714616236899,0.004962779080076848,B->R+,0.0,0.0,yes
1.0177779966724756,hohmann_only,0.00877203566312157,0.824793558086488,0.00877203566312157,B->R+,0.0,0.0,yes
1.025615891594691,hohmann_only,0.012566515696682243,0.8232216953884336,0.012566515696682243,B->R+,0.0,0.0,yes
1.0335141460422765,hohmann_only,0.016346192196101617,0.821655850402804,0.016346192196101617,B->R+,0.0,0.0,yes
1.041473224843141,hohmann_only,0.020111038627339588,0.8200960000914145,0.020111038627339588,B->R+,0.0,0.0,yes
1.0494935964048266,hohmann_only,0.023861028912158827,0.81854212150428,0.023861028912158827,B->R+,0.0,0.0,yes
1.0575757327420754,hohmann_only,0.027596137433225056,0.8169941917792769,0.027596137433225056,B->R+,0.0,0.0,yes
1.0657201095046087,hohmann_only,0.031316339039121024,0.815452188141807,0.031316339039121024,B->R+,0.0,0.0,yes
1.0739272060051208,hohmann_only,0.03502160904927326,0.813916087904462,0.03502160904927326,B->R+,0.0,0.0,yes
1.082197505247486,hohmann_only,0.038711923258789444,0.8123858684666903,0.038711923258789444,B->R+,0.0,0.0,yes
1.0905314939551853,hohmann_only,0.04238725794320762,0.8108615073144637,0.04238725794320762,B->R+,0.0,0.0,yes
1.098929662599951,hohmann_only,0.04604758986315402,0.8093429820199473,0.04604758986315402,B->R+,0.0,0.0,yes
1.1073925054306313,hohmann_only,0.049692896268910464,0.807830270241168,0.049692896268910464,B->R+,0.0,0.0,yes
1.1159205205022786,hohmann_only,0.0533231549048894,0.8063233497216874,0.0533231549048894,B->R+,0.0,0.0,yes
1.1245142097054608,hohmann_only,0.05693834401401599,0.8048221982902729,0.05693834401401599,B->R+,0.0,0.0,yes
1.133174078795798,hohmann_only,0.060538442342016746,0.8033267938605727,0.060538442342016746,B->R+,0.0,0.0,yes
1.141900637423728,hohmann_only,0.06412342914161347,0.8018371144307899,0.06412342914161347,B->R+,0.0,0.0,yes
1.1506943991644998,hohmann_only,0.06769328417662225,0.8003531380833593,0.06769328417662225,B->R+,0.0,0.0,yes
1.1595558815483986,hohmann_only,0.07124798772595625,0.7988748429846249,0.07124798772595625,B->R+,0.0,0.0,yes
1.1684856060912034,hohmann_only,0.07478752058753196,0.7974022073845184,0.07478752058753196,B->R+,0.0,0.0,yes
1.1774840983248795,hohmann_only,0.0783118640820784,0.7959352096162396,0.0783118640820784,B->R+,0.0,0.0,yes
1.186551887828507,hohmann_only,0.08182100005684814,0.7944738280959374,0.08182100005684814,B->R+,0.0,0.0,yes
1.1956895082594474,hohmann_only,0.08531491088922971,0.7930180413223916,0.08531491088922971,B->R+,0.0,0.0,yes
1.2048974973847504,hohmann_only,0.08879357949026132,0.7915678278766981,0.08879357949026132,B->R+,0.0,0.0,yes
1.2141763971128026,hohmann_only,0.09225698930804441,0.7901231664219525,0.09225698930804441,B->R+,0.0,0.0,yes
1.2235267535252201,hohmann_only,0.09570512433105766,0.788684035702936,0.09570512433105766,B->R+,0.0,0.0,yes
1.2329491169089866,hohmann_only,0.09913796909136985,0.7872504145458038,0.09913796909136985,B->R+,0.0,0.0,yes
1.2424440417888378,hohmann_only,0.10255550866775168,0.7858222818577728,0.10255550866775168,B->R+,0.0,0.0,yes
1.2520120869598979,hohmann_only,0.1059577286886865,0.7843996166268115,0.1059577286886865,B->R+,0.0,0.0,yes
1.2616538155205645,hohmann_only,0.10934461533527853,0.7829823979213304,0.10934461533527853,B->R+,0.0,0.0,yes
1.2713697949056488,hohmann_only,0.11271615534405928,0.7815706048898747,0.11271615534405928,B->R+,0.0,0.0,yes
1.2811605969197697,hohmann_only,0.11607233600969097,0.7801642167608176,0.11607233600969097,B->R+,0.0,0.0,yes
1.2910267977710062,hohmann_only,0.11941314518756752,0.7787632128420534,0.11941314518756752,B->R+,0.0,0.0,yes
1.3009689781048077,hohmann_only,0.1227385712963117,0.7773675725206945,0.1227385712963117,B->R+,0.0,0.0,yes
1.3109877230381672,hohmann_only,0.1260486033201697,0.7759772752627679,0.1260486033201697,B->R+,0.0,0.0,yes
1.3210836221940556,hohmann_only,0.12934323081130103,0.7745923006129122,0.12934323081130103,B->R+,0.0,0.0,yes
1.3312572697361222,hohmann_only,0.13262244389196548,0.7732126281940774,0.13262244389196548,B->R+,0.0,0.0,yes
1.3415092644036632,hohmann_only,0.1358862332566058,0.771838237707225,0.1358862332566058,B->R+,0.0,0.0,yes
1.3518402095468582,hohmann_only,0.1391345901738261,0.7704691089310294,0.1391345901738261,B->R+,0.0,0.0,yes
1.3622507131622783,hohmann_only,0.1423675064882663,0.7691052217215797,0.1423675064882663,B->R+,0.0,0.0,yes
1.372741387928668,hohmann_only,0.14558497462237216,0.7677465560120843,0.14558497462237216,B->R+,0.0,0.0,yes
1.3833128512430033,hohmann_only,0.1487869875780617,0.7663930918125754,0.1487869875780617,B->R+,0.0,0.0,yes
1.393965725256826,hohmann_only,0.15197353893828602,0.7650448092096142,0.15197353893828602,B->R+,0.0,0.0,yes
1.4047006369128583,hohmann_only,0.15514462286848713,0.7637016883659986,0.15514462286848713,B->R+,0.0,0.0,yes
1.4155182179819004,hohmann_only,0.15830023411795127,0.7623637095204714,0.15830023411795127,B->R+,0.0,0.0,yes
1.426419105100011,hohmann_only,0.16144036802105785,0.761030852987429,0.16144036802105785,B->R+,0.0,0.0,yes
1.4374039398059748,hohmann_only,0.16456502049842442,0.7597030991566323,0.16456502049842442,B->R+,0.0,0.0,yes
1.4484733685790583,hohmann_only,0.16767418805794876,0.7583804284929178,0.16767418805794876,B->R+,0.0,0.0,yes
1.4596280428770556,hohmann_only,0.17076786779574554,0.7570628215359105,0.17076786779574554,B->R+,0.0,0.0,yes
1.4708686191746296,hohmann_only,0.17384605739698178,0.7557502588997371,0.17384605739698178,B->R+,0.0,0.0,yes
1.4821957590019454,hohmann_only,0.176908755136607,0.7544427212727416,0.176908755136607,B->R+,0.0,0.0,yes
1.4936101289836035,hohmann_only,0.1799559598799823,0.7531401894172001,0.1799559598799823,B->R+,0.0,0.0,yes
1.5051124008778711,hohmann_only,0.18298767108340536,0.7518426441690387,0.18298767108340536,B->R+,0.0,0.0,yes
1.5167032516162176,hohmann_only,0.1860038887945339,0.7505500664375511,0.1860038887945339,B->R+,0.0,0.0,yes
1.528383363343152,hohmann_only,0.18900461365270715,0.7492624372051178,0.18900461365270715,B->R+,0.0,0.0,yes
1.5401534234563699,hohmann_only,0.19198984688916568,0.747979737526926,0.19198984688916568,B->R+,0.0,0.0,yes
1.552014124647207,hohmann_only,0.19495959032716992,0.7467019485306915,0.19495959032716992,B->R+,0.0,0.0,yes
1.563966164941406,hohmann_only,0.1979138463820181,0.7454290514163804,0.1979138463820181,B->R+,0.0,0.0,yes
1.5760102477401967,hohmann_only,0.20085261806096394,0.7441610274559329,0.20085261806096394,B->R+,0.0,0.0,yes
1.5881470818616925,hohmann_only,0.2037759089630345,0.7428978579929878,0.2037759089630345,B->R+,0.0,0.0,yes
1.6003773815826055,hohmann_only,0.20668372327874876,0.7416395244426074,0.20668372327874876,B->R+,0.0,0.0,yes
1.6127018666802833,hohmann_only,0.2095760657897376,0.7403860082910049,0.2095760657897376,B->R+,0.0,0.0,yes
1.6251212624750697,hohmann_only,0.21245294186826535,0.7391372910952715,0.21245294186826535,B->R+,0.0,0.0,yes
1.637636299872991,hohmann_only,0.21531435747665412,0.7378933544831048,0.21531435747665412,B->R+,0.0,0.0,yes
1.6502477154087705,hohmann_only,0.21816031916661072,0.7366541801525393,0.21816031916661072,B->R+,0.0,0.0,yes
1.6629562512891765,hohmann_only,0.22099083407845793,0.7354197498716765,0.22099083407845793,B->R+,0.0,0.0,yes
1.6757626554367009,hohmann_only,0.22380590994026922,0.7341900454784169,0.22380590994026922,B->R+,0.0,0.0,yes
1.6886676815335775,hohmann_only,0.22660555506690933,0.7329650488801924,0.22660555506690933,B->R+,0.0,0.0,yes
1.7016720890661372,hohmann_only,0.2293897783589801,0.731744742053701,0.2293897783589801,B->R+,0.0,0.0,yes
1.7147766433695044,hohmann_only,0.23215858930167282,0.7305291070446404,0.23215858930167282,B->R+,0.0,0.0,yes
1.72798211567264,hohmann_only,0.23491199796352838,0.7293181259674448,0.23491199796352838,B->R+,0.0,0.0,yes
1.741289283143728,hohmann_only,0.23765001499510396,0.7281117810050215,0.23765001499510396,B->R+,0.0,0.0,yes
1.7546989289359156,hohmann_only,0.2403726516275505,0.7269100544084883,0.2403726516275505,B->R+,0.0,0.0,yes
1.7682118422334008,hohmann_only,0.2430799196710983,0.7257129284969133,0.2430799196710983,B->R+,0.0,0.0,yes
1.7818288182978792,hohmann_only,0.24577183151345333,0.7245203856570536,0.24577183151345333,B->R+,0.0,0.0,yes
1.7955506585153465,hohmann_only,0.24844840011810565,0.7233324083430972,0.24844840011810565,B->R+,0.0,0.0,yes
1.809378170443261,hohmann_only,0.25110963902254907,0.7221489790764043,0.25110963902254907,B->R+,0.0,0.0,yes
1.8233121678580706,hohmann_only,0.25375556233641433,0.7209700804452502,0.25375556233641433,B->R+,0.0,0.0,yes
1.8373534708031045,hohmann_only,0.25638618473951635,0.7197956951045693,0.25638618473951635,B->R+,0.0,0.0,yes
1.8515029056368353,hohmann_only,0.25900152147981614,0.7186258057756995,0.25900152147981614,B->R+,0.0,0.0,yes
1.8657613050815107,hohmann_only,0.26160158837129927,0.7174603952461285,0.26160158837129927,B->R+,0.0,0.0,yes
1.8801295082721619,hohmann_only,0.2641864017917703,0.7162994463692403,0.2641864017917703,B->R+,0.0,0.0,yes
1.8946083608059878,hohmann_only,0.26675597868056555,0.7151429420640626,0.26675597868056555,B->R+,0.0,0.0,yes
1.9091987147921199,hohmann_only,0.269310336536185,0.7139908653150165,0.269310336536185,B->R+,0.0,0.0,yes
1.923901428901771,hohmann_only,0.27184949341384385,0.7128431991716648,0.27184949341384385,B->R+,0.0,0.0,yes
1.9387173684187702,hohmann_only,0.2743734679229444,0.7116999267484636,0.2743734679229444,B->R+,0.0,0.0,yes
1.9536474052904849,hohmann_only,0.27688227922447123,0.7105610312245133,0.27688227922447123,B->R+,0.0,0.0,yes
1.968692418179138,hohmann_only,0.2793759470283079,0.7094264958433119,0.2793759470283079,B->R+,0.0,0.0,yes
1.9838532925135195,hohmann_only,0.2818544915904795,0.7082963039125074,0.2818544915904795,B->R+,0.0,0.0,yes
1.9991309205410936,hohmann_only,0.2843179337103181,0.7071704388036527,0.2843179337103181,B->R+,0.0,0.0,yes
2.014526201380511,hohmann_only,0.2867662947275572,0.7060488839519616,0.2867662947275572,B->R+,0.0,0.0,yes
2.0300400410745234,hohmann_only,0.28919959651935173,0.7049316228560637,0.28919959651935173,B->R+,0.0,0.0,yes
2.0456733526433055,hohmann_only,0.2916178614972269,0.7038186390777627,0.2916178614972269,B->R+,0.0,0.0,yes
2.0614270561381884,hohmann_only,0.2940211126039576,0.7027099162417942,0.2940211126039576,B->R+,0.0,0.0,yes
2.077302078695806,hohmann_only,0.29640937331037753,0.7016054380355851,0.29640937331037753,B->R+,0.0,0.0,yes
2.09329935459266,hohmann_only,0.2987826676121217,0.7005051882090126,0.2987826676121217,B->R+,0.0,0.0,yes
2.109419825300103,hohmann_only,0.3011410200263005,0.6994091505741666,0.3011410200263005,B->R+,0.0,0.0,yes
2.1256644395397446,hohmann_only,0.3034844555881098,0.69831730900511,0.3034844555881098,B->R+,0.0,0.0,yes
2.142034153339289,hohmann_only,0.3058129998473752,0.6972296474376427,0.3058129998473752,B->R+,0.0,0.0,yes
2.1585299300887955,hohmann_only,0.30812667886503387,0.6961461498690644,0.30812667886503387,B->R+,0.0,0.0,yes
2.1751527405973796,hohmann_only,0.31042551920955475,0.6950668003579397,0.31042551920955475,B->R+,0.0,0.0,yes
2.1919035631503423,hohmann_only,0.3127095479532964,0.693991583023863,0.3127095479532964,B->R+,0.0,0.0,yes
2.208783383566749,hohmann_only,0.31497879266880713,0.6929204820472256,0.31497879266880713,B->R+,0.0,0.0,yes
2.2257931952574435,hohmann_only,0.31723328142506524,0.691853481668982,0.31723328142506524,B->R+,0.0,0.0,yes
2.242933999283514,hohmann_only,0.3194730427836634,0.6907905661904191,0.3194730427836634,B->R+,0.0,0.0,yes
2.2602068044152066,hohmann_only,0.32169810579493563,0.6897317199729244,0.32169810579493563,B->R+,0.0,0.0,yes
2.277612627191294,hohmann_only,0.3239084999940315,0.6886769274377563,0.3239084999940315,B->R+,0.0,0.0,yes
2.2951524919789,hohmann_only,0.32610425539693544,0.6876261730658147,0.32610425539693544,B->R+,0.0,0.0,yes
2.3128274310337873,hohmann_only,0.3282854024964343,0.6865794413974128,0.3282854024964343,B->R+,0.0,0.0,yes
2.330638484561105,hohmann_only,0.3304519722580346,0.6855367170320495,0.3304519722580346,B->R+,0.0,0.0,yes
2.34858670077661,hohmann_only,0.33260399611582925,0.684497984628183,0.33260399611582925,B->R+,0.0,0.0,yes
2.366673135968353,hohmann_only,0.33474150596831637,0.6834632289030051,0.33474150596831637,B->R+,0.0,0.0,yes
2.3848988545588474,hohmann_only,0.33686453417417167,0.6824324346322161,0.33686453417417167,B->R+,0.0,0.0,yes
2.403264929167708,hohmann_only,0.3389731135479731,0.681405586649801,0.3389731135479731,B->R+,0.0,0.0,yes
2.4217724406747814,hohmann_only,0.34106727735588305,0.6803826698478062,0.34106727735588305,B->R+,0.0,0.0,yes
2.4404224782837534,hohmann_only,0.34314705931128575,0.6793636691761172,0.34314705931128575,B->R+,0.0,0.0,yes
2.4592161395862537,hohmann_only,0.3452124935703833,0.678348569642238,0.3452124935703833,B->R+,0.0,0.0,yes
2.478154530626452,hohmann_only,0.347263614727751,0.6773373563110692,0.347263614727751,B->R+,0.0,0.0,yes
2.4972387659661477,hohmann_only,0.3493004578118522,0.6763300143046885,0.3493004578118522,B->R+,0.0,0.0,yes
2.5164699687503673,hohmann_only,0.35132305828051663,0.6753265288021332,0.35132305828051663,B->R+,0.0,0.0,yes
2.5358492707734617,hohmann_only,0.35333145201637967,0.6743268850391803,0.35333145201637967,B->R+,0.0,0.0,yes
2.5553778125457147,hohmann_only,0.3553256753222875,0.6733310683081303,0.3553256753222875,B->R+,0.0,0.0,yes
2.5750567433604656,hohmann_only,0.3573057649166669,0.6723390639575908,0.3573057649166669,B->R+,0.0,0.0,yes
2.594887221361746,hohmann_only,0.35927175792886235,0.6713508573922606,0.35927175792886235,B->R+,0.0,0.0,yes
2.61487041361244,hohmann_only,0.36122369189444054,0.6703664340727149,0.36122369189444054,B->R+,0.0,0.0,yes
2.6350074961629675,hohmann_only,0.36316160475046455,0.6693857795151918,0.36316160475046455,B->R+,0.0,0.0,yes
2.655299654120496,hohmann_only,0.3650855348307388,0.6684088792913789,0.3650855348307388,B->R+,0.0,0.0,yes
2.6757480817186887,hohmann_only,0.36699552086102494,0.6674357190282012,0.36699552086102494,B->R+,0.0,0.0,yes
2.6963539823879867,hohmann_only,0.3688916019542313,0.6664662844076094,0.3688916019542313,B->R+,0.0,0.0,yes
2.7171185688264323,hohmann_only,0.3707738176055768,0.665500561166369,0.3707738176055768,B->R+,0.0,0.0,yes
2.7380430630710397,hohmann_only,0.3726422076877292,0.6645385350958517,0.3726422076877292,B->R+,0.0,0.0,yes
2.7591286965697144,hohmann_only,0.3744968124459215,0.6635801920418247,0.3744968124459215,B->R+,0.0,0.0,yes
2.7803767102537256,hohmann_only,0.37633767249304473,0.6626255179042434,0.37633767249304473,B->R+,0.0,0.0,yes
2.8017883546107374,hohmann_only,0.3781648288047207,0.6616744986370438,0.3781648288047207,B->R+,0.0,0.0,yes
2.8233648897584036,hohmann_only,0.3799783227143547,0.6607271202479358,0.3799783227143547,B->R+,0.0,0.0,yes
2.845107585518528,hohmann_only,0.3817781959081702,0.6597833687981973,0.3817781959081702,B->R+,0.0,0.0,yes
2.867017721491793,hohmann_only,0.38356449042022445,0.6588432304024692,0.38356449042022445,B->R+,0.0,0.0,yes
2.8890965871330723,hohmann_only,0.3853372486274105,0.6579066912285509,0.3853372486274105,B->R+,0.0,0.0,yes
2.9113454818273117,hohmann_only,0.3870965132444415,0.6569737374971971,0.3870965132444415,B->R+,0.0,0.0,yes
2.9337657149660044,hohmann_only,0.3888423273188232,0.6560443554819148,0.3888423273188232,B->R+,0.0,0.0,yes
2.95635860602425,hohmann_only,0.39057473422581257,0.6551185315087614,0.39057473422581257,B->R+,0.0,0.0,yes
2.97912548463841,hohmann_only,0.39229377766336526,0.6541962519561438,0.39229377766336526,B->R+,0.0,0.0,yes
3.0020676906843553,hohmann_only,0.39399950164707176,0.6532775032546175,0.39399950164707176,B->R+,0.0,0.0,yes
3.025186574356325,hohmann_only,0.3956919505050862,0.6523622718866873,0.3956919505050862,B->R+,0.0,0.0,yes
3.048483496246386,hohmann_only,0.39737116887304413,0.6514505443866083,0.39737116887304413,B->R+,0.0,0.0,yes
3.0719598274245055,hohmann_only,0.3990372016889757,0.6505423073401879,0.3990372016889757,B->R+,0.0,0.0,yes
3.0956169495192443,hohmann_only,0.40069009418821094,0.6496375473845882,0.40069009418821094,B->R+,0.0,0.0,yes
3.119456254799066,hohmann_only,0.4023298918982815,0.6487362512081295,0.4023298918982815,B->R+,0.0,0.0,yes
3.143479146254274,hohmann_only,0.4039566406338171,0.6478384055500948,0.4039566406338171,B->R+,0.0,0.0,yes
3.1676870376795825,hohmann_only,0.4055703864914397,0.646943997200534,0.4055703864914397,B->R+,0.0,0.0,yes
3.1920813537573216,hohmann_only,0.40717117584465723,0.6460530130000698,0.40717117584465723,B->R+,0.0,0.0,yes
3.216663530141277,hohmann_only,0.40875905533875356,0.645165439839705,0.40875905533875356,B->R+,0.0,0.0,yes
3.2414350135411905,hohmann_only,0.41033407188568116,0.6442812646606277,0.41033407188568116,B->R+,0.0,0.0,yes
3.2663972618078927,hohmann_only,0.41189627265895457,0.6434004744540214,0.41189627265895457,B->R+,0.0,0.0,yes
3.2915517440191056,hohmann_only,0.41344570508854483,0.6425230562608717,0.41344570508854483,B->R+,0.0,0.0,yes
3.3168999405658997,hohmann_only,0.4149824168557791,0.6416489971717767,0.4149824168557791,B->R+,0.0,0.0,yes
3.3424433432398164,hohmann_only,0.4165064558882428,0.6407782843267569,0.4165064558882428,B->R+,0.0,0.0,yes
3.3681834553206658,hohmann_only,0.4180178703546875,0.6399109049150657,0.4180178703546875,B->R+,0.0,0.0,yes
3.3941217916649933,hohmann_only,0.4195167086599451,0.6390468461750014,0.4195167086599451,B->R+,0.0,0.0,yes
3.4202598787952385,hohmann_only,0.4210030194398493,0.6381860953937188,0.4210030194398493,B->R+,0.0,0.0,yes
3.446599254989566,hohmann_only,0.4224768515561639,0.6373286399070428,0.4224768515561639,B->R+,0.0,0.0,yes
3.4731414703724037,hohmann_only,0.4239382540915212,0.6364744670992815,0.4239382540915212,B->R+,0.0,0.0,yes
3.4998880870056643,hohmann_only,0.42538727634436924,0.635623564403041,0.42538727634436924,B->R+,0.0,0.0,yes
3.5268406789806805,hohmann_only,0.4268239678239304,0.6347759192990405,0.4268239678239304,B->R+,0.0,0.0,yes
3.5540008325108428,hohmann_only,0.4282483782451713,0.6339315193159277,0.4282483782451713,B->R+,0.0,0.0,yes
3.581370146024946,hohmann_only,0.4296605575237842,0.6330903520300958,0.4296605575237842,B->R+,0.0,0.0,yes
3.608950230261269,hohmann_only,0.4310605557711831,0.6322524050655001,0.4310605557711831,B->R+,0.0,0.0,yes
3.63674270836236,hohmann_only,0.43244842328951266,0.6314176660934767,0.43244842328951266,B->R+,0.0,0.0,yes
3.6647492159705704,hohmann_only,0.4338242105666724,0.6305861228325608,0.4338242105666724,B->R+,0.0,0.0,yes
3.692971401324309,hohmann_only,0.43518796827135664,0.6297577630483052,0.43518796827135664,B->R+,0.0,0.0,yes
3.72141092535505,hohmann_only,0.4365397472481108,0.628932574553102,0.4365397472481108,B->R+,0.0,0.0,yes
3.7500694617850754,hohmann_only,0.4378795985124043,0.6281105452060014,0.4378795985124043,B->R+,0.0,0.0,yes
3.7789486972259834,hohmann_only,0.4392075732457227,0.6272916629125345,0.4392075732457227,B->R+,0.0,0.0,yes
3.808050331277943,hohmann_only,0.44052372279067675,0.6264759156245345,0.44052372279067675,B->R+,0.0,0.0,yes
3.837376076629725,hohmann_only,0.4418280986461327,0.62566329133996,0.4418280986461327,B->R+,0.0,0.0,yes
3.86692765915949,hohmann_only,0.4431207524623612,0.6248537781027182,0.4431207524623612,B->R+,0.0,0.0,yes
3.896706818036367,hohmann_only,0.44440173603620825,0.6240473640024884,0.44440173603620825,B->R+,0.0,0.0,yes
3.9267153058228033,hohmann_only,0.44567110130628657,0.6232440371745481,0.44567110130628657,B->R+,0.0,0.0,yes
3.9569548885777026,hohmann_only,0.4469289003481899,0.6224437857995972,0.4469289003481899,B->R+,0.0,0.0,yes
3.9874273459603695,hohmann_only,0.4481751853697298,0.6216465981035846,0.4481751853697298,B->R+,0.0,0.0,yes
4.018134471335238,hohmann_only,0.4494100087061961,0.6208524623575349,0.4494100087061961,B->R+,0.0,0.0,yes
4.049078071877422,hohmann_only,0.4506334228156415,0.6200613668773759,0.4506334228156415,B->R+,0.0,0.0,yes
4.080259968679061,hohmann_only,0.45184548027419025,0.6192733000237669,0.45184548027419025,B->R+,0.0,0.0,yes
4.111681996856508,hohmann_only,0.45304623377137326,0.6184882502019268,0.45304623377137326,B->R+,0.0,0.0,yes
4.143346005658318,hohmann_only,0.45423573610548784,0.6177062058614641,0.45423573610548784,B->R+,0.0,0.0,yes
4.175253858574086,hohmann_only,0.45541404017898546,0.6169271554962068,0.45541404017898546,B->R+,0.0,0.0,yes
4.207407433444115,hohmann_only,0.4565811989938847,0.6161510876440331,0.4565811989938847,B->R+,0.0,0.0,yes
4.239808622569934,hohmann_only,0.4577372656472133,0.6153779908867026,0.4577372656472133,B->R+,0.0,0.0,yes
4.27245933282566,hohmann_only,0.45888229332647723,0.6146078538496885,0.45888229332647723,B->R+,0.0,0.0,yes
4.305361485770219,hohmann_only,0.46001633530515984,0.6138406652020103,0.46001633530515984,B->R+,0.0,0.0,yes
4.338517017760442,hohmann_only,0.4611394449382479,0.6130764136560668,0.4611394449382479,B->R+,0.0,0.0,yes
4.371927880065016,hohmann_only,0.4622516756577894,0.6123150879674703,0.4622516756577894,B->R+,0.0,0.0,yes
4.405596038979322,hohmann_only,0.46335308096848027,0.6115566769348811,0.46335308096848027,B->R+,0.0,0.0,yes
4.439523475941156,hohmann_only,0.46444371444328136,0.6108011693998426,0.46444371444328136,B->R+,0.0,0.0,yes
4.473712187647342,hohmann_only,0.465523629719068,0.6100485542466172,0.465523629719068,B->R+,0.0,0.0,yes
4.508164186171237,hohmann_only,0.46659288049230874,0.6092988204020228,0.46659288049230874,B->R+,0.0,0.0,yes
4.542881499081152,hohmann_only,0.4676515205147779,0.6085519568352696,0.4676515205147779,B->R+,0.0,0.0,yes
4.5778661695596705,hohmann_only,0.46869960358929885,0.6078079525577984,0.46869960358929885,B->R+,0.0,0.0,yes
4.613120256523901,hohmann_only,0.46973718356552124,0.6070667966231184,0.46973718356552124,B->R+,0.0,0.0,yes
4.648645834746647,hohmann_only,0.47076431433573007,0.6063284781266459,0.47076431433573007,B->R+,0.0,0.0,yes
4.684444994978505,hohmann_only,0.4717810498306888,0.6055929862055449,0.4717810498306888,B->R+,0.0,0.0,yes
4.720519844070919,hohmann_only,0.47278744401551587,0.6048603100385663,0.47278744401551587,B->R+,0.0,0.0,yes
4.756872505100165,hohmann_only,0.47378355088559554,0.6041304388458892,0.47378355088559554,B->R+,0.0,0.0,yes
4.793505117492304,hohmann_only,0.474769424462523,0.6034033618889617,0.474769424462523,B->R+,0.0,0.0,yes
4.830419837149085,hohmann_only,0.4757451187900842,0.6026790684703438,0.4757451187900842,B->R+,0.0,0.0,yes
4.867618836574834,hohmann_only,0.47671068793026994,0.6019575479335494,0.47671068793026994,B->R+,0.0,0.0,yes
4.905104305004297,hohmann_only,0.4776661859593271,0.6012387896628894,0.4776661859593271,B->R+,0.0,0.0,yes
4.942878448531495,hohmann_only,0.47861166696384344,0.600522783083316,0.47861166696384344,B->R+,0.0,0.0,yes
4.980943490239543,hohmann_only,0.479547185036869,0.599809517660267,0.479547185036869,B->R+,0.0,0.0,yes
5.019301670331496,hohmann_only,0.48047279427407374,0.5990989828995104,0.48047279427407374,B->R+,0.0,0.0,yes
5.057955246262178,hohmann_only,0.48138854876994186,0.5983911683469902,0.48138854876994186,B->R+,0.0,0.0,yes
5.096906492871047,hohmann_only,0.4822945026140013,0.5976860635886732,0.4822945026140013,B->R+,0.0,0.0,yes
5.136157702516067,hohmann_only,0.48319070988709134,0.5969836582503946,0.48319070988709134,B->R+,0.0,0.0,yes
5.175711185208621,hohmann_only,0.4840772246576663,0.5962839419977063,0.4840772246576663,B->R+,0.0,0.0,yes
5.21556926874946,hohmann_only,0.4849541009781372,0.5955869045357246,0.4849541009781372,B->R+,0.0,0.0,yes
5.255734298865697,hohmann_only,0.48582139288124987,0.5948925356089785,0.48582139288124987,B->R+,0.0,0.0,yes
5.296208639348859,hohmann_only,0.48667915437650106,0.5942008250012594,0.48667915437650106,B->R+,0.0,0.0,yes
5.336994672193999,hohmann_only,0.48752743944659216,0.5935117625354698,0.48752743944659216,B->R+,0.0,0.0,yes
5.378094797739886,hohmann_only,0.4883663020439205,0.5928253380734747,0.4883663020439205,B->R+,0.0,0.0,yes
5.41951143481026,hohmann_only,0.48919579608710884,0.5921415415159516,0.48919579608710884,B->R+,0.0,0.0,yes
5.461247020856199,hohmann_only,0.4900159754575729,0.5914603628022422,0.4900159754575729,B->R+,0.0,0.0,yes
5.503304012099552,hohmann_only,0.49082689399612645,0.5907817919102045,0.49082689399612645,B->R+,0.0,0.0,yes
5.545684883677503,hohmann_only,0.4916286054996261,0.5901058188560652,0.4916286054996261,B->R+,0.0,0.0,yes
5.588392129788239,hohmann_only,0.49242116371765265,0.5894324336942727,0.49242116371765265,B->R+,0.0,0.0,yes
5.631428263837725,hohmann_only,0.49320462234923246,0.5887616265173512,0.49320462234923246,B->R+,0.0,0.0,yes
5.674795818587641,hohmann_only,0.49397903503959584,0.5880933874557543,0.49397903503959584,B->R+,0.0,0.0,yes
5.718497346304425,hohmann_only,0.49474445537697576,0.5874277066777205,0.49474445537697576,B->R+,0.0,0.0,yes
5.762535418909492,hohmann_only,0.49550093688944397,0.5867645743891277,0.49550093688944397,B->R+,0.0,0.0,yes
5.806912628130581,hohmann_only,0.49624853304178596,0.5861039808333499,0.49624853304178596,B->R+,0.0,0.0,yes
5.8516315856543,hohmann_only,0.4969872972324147,0.5854459162911133,0.4969872972324147,B->R+,0.0,0.0,yes
5.896694923279817,hohmann_only,0.4977172827903237,0.5847903710803533,0.4977172827903237,B->R+,0.0,0.0,yes
5.942105293073753,hohmann_only,0.49843854297207824,0.5841373355560721,0.49843854297207824,B->R+,0.0,0.0,yes
5.987865367526254,hohmann_only,0.499151130958845,0.5834868001101965,0.499151130958845,B->R+,0.0,0.0,yes
6.0339778397082835,hohmann_only,0.49985509985346177,0.5828387551714374,0.49985509985346177,B->R+,0.0,0.0,yes
6.080445423430109,hohmann_only,0.5005505026775442,0.5821931912051477,0.5005505026775442,B->R+,0.0,0.0,yes
6.127270853401008,hohmann_only,0.5012373923686332,0.5815500987131831,0.5012373923686332,B->R+,0.0,0.0,yes
6.174456885390226,hohmann_only,0.5019158217773786,0.5809094682337619,0.5019158217773786,B->R+,0.0,0.0,yes
6.222006296389146,hohmann_only,0.5025858436647649,0.580271290341326,0.5025858436647649,B->R+,0.0,0.0,yes
6.269921884774727,hohmann_only,0.5032475106993715,0.5796355556464015,0.5032475106993715,B->R+,0.0,0.0,yes
6.318206470474191,hohmann_only,0.5039008754546754,0.5790022547954617,0.5039008754546754,B->R+,0.0,0.0,yes
6.3668628951309865,hohmann_only,0.5045459904063901,0.5783713784707889,0.5045459904063901,B->R+,0.0,0.0,yes
6.415894022272012,hohmann_only,0.5051829079298431,0.5777429173903369,0.5051829079298431,B->R+,0.0,0.0,yes
6.46530273747616,hohmann_only,0.5058116802973929,0.577116862307595,0.5058116802973929,B->R+,0.0,0.0,yes
6.515091948544116,hohmann_only,0.5064323596758834,0.576493204011452,0.5064323596758834,B->R+,0.0,0.0,yes
6.565264585669511,hohmann_only,0.5070449981241367,0.5758719333260603,0.5070449981241367,B->R+,0.0,0.0,yes
6.615823601611352,hohmann_only,0.507649647590484,0.5752530411107012,0.507649647590484,B->R+,0.0,0.0,yes
6.666771971867805,hohmann_only,0.5082463599103351,0.5746365182596501,0.5082463599103351,B->R+,0.0,0.0,yes
6.718112694851312,hohmann_only,0.5088351868037845,0.574022355702043,0.5088351868037845,B->R+,0.0,0.0,yes
6.769848792065043,hohmann_only,0.5094161798732565,0.5734105444017422,0.5094161798732565,B->R+,0.0,0.0,yes
6.821983308280732,hohmann_only,0.5099893906011879,0.5728010753572047,0.5099893906011879,B->R+,0.0,0.0,yes
6.874519311717852,hohmann_only,0.5105548703477469,0.5721939396013483,0.5105548703477469,B->R+,0.0,0.0,yes
6.927459894224199,hohmann_only,0.5111126703485919,0.5715891282014208,0.5111126703485919,B->R+,0.0,0.0,yes
6.980808171457846,hohmann_only,0.5116628417126641,0.5709866322588679,0.5116628417126641,B->R+,0.0,0.0,yes
7.03456728307051,hohmann_only,0.5122054354200213,0.5703864429092023,0.5122054354200213,B->R+,0.0,0.0,yes
7.088740392892319,hohmann_only,0.5127405023197045,0.5697885513218738,0.5127405023197045,B->R+,0.0,0.0,yes
7.143330689118023,hohmann_only,0.5132680931276452,0.5691929487001389,0.5132680931276452,B->R+,0.0,0.0,yes
7.198341384494609,hohmann_only,0.5137882584246064,0.5685996262809314,0.5137882584246064,B->R+,0.0,0.0,yes
7.253775716510392,hohmann_only,0.5143010486541613,0.5680085753347339,0.5143010486541613,B->R+,0.0,0.0,yes
7.309636947585544,hohmann_only,0.5148065141207085,0.5674197871654488,0.5148065141207085,B->R+,0.0,0.0,yes
7.365928365264082,hohmann_only,0.5153047049875232,0.5668332531102706,0.5153047049875232,B->R+,0.0,0.0,yes
7.422653282407368,hohmann_only,0.5157956712748435,0.5662489645395584,0.5157956712748435,B->R+,0.0,0.0,yes
7.479815037389055,hohmann_only,0.5162794628579936,0.5656669128567093,0.5162794628579936,B->R+,0.0,0.0,yes
7.537416994291576,hohmann_only,0.5167561294655428,0.5650870894980313,0.5167561294655428,B->R+,0.0,0.0,yes
7.59546254310411,hohmann_only,0.5172257206774975,0.5645094859326176,0.5172257206774975,B->R+,0.0,0.0,yes
7.653955099922108,hohmann_only,0.5176882859235313,0.5639340936622212,0.5176882859235313,B->R+,0.0,0.0,yes
7.712898107148316,hohmann_only,0.5181438744812494,0.5633609042211299,0.5181438744812494,B->R+,0.0,0.0,yes
7.772295033695389,hohmann_only,0.5185925354744854,0.5627899091760412,0.5185925354744854,B->R+,0.0,0.0,yes
7.832149375190023,hohmann_only,0.519034317871636,0.562221100125939,0.519034317871636,B->R+,0.0,0.0,yes
7.892464654178696,hohmann_only,0.5194692704840281,0.5616544687019692,0.5194692704840281,B->R+,0.0,0.0,yes
7.953244420334967,hohmann_only,0.5198974419643201,0.5610900065673174,0.5198974419643201,B->R+,0.0,0.0,yes
8.014492250668383,hohmann_only,0.5203188808049372,0.5605277054170857,0.5203188808049372,B->R+,0.0,0.0,yes
8.076211749734997,hohmann_only,0.5207336353365417,0.5599675569781706,0.5207336353365417,B->R+,0.0,0.0,yes
8.138406549849497,hohmann_only,0.5211417537265344,0.5594095530091413,0.5211417537265344,B->R+,0.0,0.0,yes
8.201080311298988,hohmann_only,0.5215432839775911,0.5588536853001183,0.5215432839775911,B->R+,0.0,0.0,yes
8.264236722558381,hohmann_only,0.5219382739262308,0.5582999456726532,0.5219382739262308,B->R+,0.0,0.0,yes
8.3278795005075,hohmann_only,0.5223267712414181,0.5577483259796074,0.5223267712414181,B->R+,0.0,0.0,yes
8.392012390649802,hohmann_only,0.5227088234231964,0.5571988181050331,0.5227088234231964,B->R+,0.0,0.0,yes
8.45663916733282,hohmann_only,0.5230844778013541,0.5566514139640539,0.5230844778013541,B->R+,0.0,0.0,yes
8.521763633970286,hohmann_only,0.5234537815341236,0.5561061055027446,0.5234537815341236,B->R+,0.0,0.0,yes
8.587389623265974,hohmann_only,0.5238167816069107,0.5555628846980143,0.5238167816069107,B->R+,0.0,0.0,yes
8.653520997439255,hohmann_only,0.5241735248310561,0.5550217435574877,0.5241735248310561,B->R+,0.0,0.0,yes
8.720161648452402,hohmann_only,0.5245240578426285,0.5544826741193869,0.5245240578426285,B->R+,0.0,0.0,yes
8.787315498239643,hohmann_only,0.5248684271012476,0.5539456684524153,0.5248684271012476,B->R+,0.0,0.0,yes
8.85498649893796,hohmann_only,0.5252066788889395,0.5534107186556406,0.5252066788889395,B->R+,0.0,0.0,yes
8.923178633119699,hohmann_only,0.5255388593090209,0.5528778168583779,0.5255388593090209,B->R+,0.0,0.0,yes
8.991895914026935,hohmann_only,0.5258650142850145,0.5523469552200747,0.5258650142850145,B->R+,0.0,0.0,yes
9.061142385807678,hohmann_only,0.5261851895595943,0.5518181259301952,0.5261851895595943,B->R+,0.0,0.0,yes
9.130922123753855,hohmann_only,0.5264994306935595,0.5512913212081053,0.5264994306935595,B->R+,0.0,0.0,yes
9.201239234541173,hohmann_only,0.52680778306484,0.5507665333029584,0.52680778306484,B->R+,0.0,0.0,yes
9.27209785647079,hohmann_only,0.5271102918675287,0.5502437544935812,0.5271102918675287,B->R+,0.0,0.0,yes
9.343502159712868,hohmann_only,0.5274070021109438,0.5497229770883599,0.5274070021109438,B->R+,0.0,0.0,yes
9.415456346551991,hohmann_only,0.5276979586187203,0.5492041934251276,0.5276979586187203,B->R+,0.0,0.0,yes
9.487964651634485,hohmann_only,0.5279832060279286,0.548687395871051,0.5279832060279286,B->R+,0.0,0.0,yes
9.561031342217634,hohmann_only,0.5282627887882215,0.548172576822518,0.5282627887882215,B->R+,0.0,0.0,yes
9.634660718420804,hohmann_only,0.5285367511610102,0.5476597287050268,0.5285367511610102,B->R+,0.0,0.0,yes
9.708857113478537,hohmann_only,0.5288051372186657,0.5471488439730733,0.5288051372186657,B->R+,0.0,0.0,yes
9.783624893995542,hohmann_only,0.5290679908437492,0.5466399151100406,0.5290679908437492,B->R+,0.0,0.0,yes
9.858968460203709,hohmann_only,0.5293253557282693,0.5461329346280887,0.5293253557282693,B->R+,0.0,0.0,yes
9.93489224622104,hohmann_only,0.5295772753729643,0.5456278950680437,0.5295772753729643,B->R+,0.0,0.0,yes
10.01140072031264,hohmann_only,0.529823793086613,0.5451247889992884,0.529823793086613,B->R+,0.0,0.0,yes
10.088498385153637,hohmann_only,0.5300649519853706,0.5446236090196532,0.5300649519853706,B->R+,0.0,0.0,yes
10.166189778094232,hohmann_only,0.5303007949921302,0.5441243477553067,0.5303007949921302,B->R+,0.0,0.0,yes
10.244479471426681,hohmann_only,0.5305313648359109,0.5436269978606475,0.5305313648359109,B->R+,0.0,0.0,yes
10.323372072654406,hohmann_only,0.5307567040512697,0.543131552018196,0.5307567040512697,B->R+,0.0,0.0,yes
10.402872224763149,hohmann_only,0.5309768549777403,0.542638002938487,0.5309768549777403,B->R+,0.0,0.0,yes
10.482984606494236,hohmann_only,0.5311918597592948,0.542146343359962,0.5311918597592948,B->R+,0.0,0.0,yes
10.563713932619905,hohmann_only,0.5314017603438321,0.5416565660488628,0.5314017603438321,B->R+,0.0,0.0,yes
10.6450649542208,hohmann_only,0.531606598482687,0.5411686637991249,0.531606598482687,B->R+,0.0,0.0,yes
10.727042458965563,hohmann_only,0.5318064157301674,0.5406826294322713,0.5318064157301674,B->R+,0.0,0.0,yes
10.809651271392633,hohmann_only,0.5320012534431121,0.5401984557973073,0.5320012534431121,B->R+,0.0,0.0,yes
10.892896253194133,hohmann_only,0.5321911527804734,0.5397161357706148,0.5321911527804734,B->R+,0.0,0.0,yes
10.976782303502022,hohmann_only,0.532376154702922,0.539235662255848,0.532376154702922,B->R+,0.0,0.0,yes
11.0613143591764,hohmann_only,0.5325562999724752,0.5387570281838283,0.5325562999724752,B->R+,0.0,0.0,yes
11.146497395096086,hohmann_only,0.532731629152148,0.538280226512441,0.532731629152148,B->R+,0.0,0.0,yes
11.232336424451349,hohmann_only,0.5329021826056254,0.5378052502265316,0.5329021826056254,B->R+,0.0,0.0,yes
11.318836499038978,hohmann_only,0.5330680004969575,0.5373320923378019,0.5330680004969575,B->R+,0.0,0.0,yes
11.406002709559594,hohmann_only,0.5332291227902757,0.536860745884708,0.5332291227902757,B->R+,0.0,0.0,yes
11.438765472645892,hohmann_only,0.5332881669659791,0.5366849777034064,0.5332881669659791,B->R+,0.0,0.0,yes
11.442932139312559,hohmann_only,0.5332956174355931,0.5366626781730391,0.5332956174355931,B->R+,0.0,0.0,yes
11.447098805979225,hohmann_only,0.533303054743167,0.5366403908190979,0.533303054743167,B->R+,0.0,0.0,yes
11.451265472645892,hohmann_only,0.5333104789063103,0.5366181156305052,0.5333104789063103,B->R+,0.0,0.0,yes
11.45543213931256,hohmann_only,0.5333178899426052,0.5365958525961979,0.5333178899426052,B->R+,0.0,0.0,yes
11.459598805979226,hohmann_only,0.533325287869606,0.5365736017051268,0.533325287869606,B->R+,0.0,0.0,yes
11.463765472645893,hohmann_only,0.5333326727048391,0.5365513629462568,0.5333326727048391,B->R+,0.0,0.0,yes
11.467932139312559,hohmann_only,0.5333400444658043,0.536529136308567,0.5333400444658043,B->R+,0.0,0.0,yes
11.472098805979225,hohmann_only,0.5333474031699733,0.5365069217810503,0.5333474031699733,B->R+,0.0,0.0,yes
11.476265472645892,hohmann_only,0.5333547488347908,0.5364847193527137,0.5333547488347908,B->R+,0.0,0.0,yes
11.480432139312558,hohmann_only,0.533362081477674,0.536462529012578,0.533362081477674,B->R+,0.0,0.0,yes
11.484598805979225,hohmann_only,0.5333694011160133,0.5364403507496781,0.5333694011160133,B->R+,0.0,0.0,yes
11.488765472645893,hohmann_only,0.5333767077671709,0.5364181845530629,0.5333767077671709,B->R+,0.0,0.0,yes
11.49293213931256,hohmann_only,0.5333840014484831,0.5363960304117948,0.5333840014484831,B->R+,0.0,0.0,yes
11.493840185917222,hohmann_only,0.5333855892495323,0.5363912039323574,0.5333855892495323,B->R+,0.0,0.0,yes
11.497098805979226,hohmann_only,0.5333912821772582,0.5363738883149508,0.5333912821772582,B->R+,0.0,0.0,yes
11.501265472645892,hohmann_only,0.5333985499707776,0.536351758251621,0.5333985499707776,B->R+,0.0,0.0,yes
11.505432139312559,hohmann_only,0.533405804846296,0.5363296402109096,0.533405804846296,B->R+,0.0,0.0,yes
11.509598805979225,hohmann_only,0.5334130468210411,0.5363075341819348,0.5334130468210411,B->R+,0.0,0.0,yes
11.513765472645892,hohmann_only,0.5334202759122133,0.5362854401538284,0.5334202759122133,B->R+,0.0,0.0,yes
11.51793213931256,hohmann_only,0.5334274921369865,0.5362633581157358,0.5334274921369865,B->R+,0.0,0.0,yes
11.522098805979226,hohmann_only,0.5334346955125078,0.5362412880568167,0.5334346955125078,B->R+,0.0,0.0,yes
11.526265472645893,hohmann_only,0.5334418860558974,0.5362192299662438,0.5334418860558974,B->R+,0.0,0.0,yes
11.530432139312559,hohmann_only,0.533449063784249,0.536197183833204,0.533449063784249,B->R+,0.0,0.0,yes
11.534598805979225,hohmann_only,0.5334562287146294,0.5361751496468977,0.5334562287146294,B->R+,0.0,0.0,yes
11.538765472645892,hohmann_only,0.5334633808640789,0.536153127396539,0.5334633808640789,B->R+,0.0,0.0,yes
11.542932139312558,hohmann_only,0.5334705202496113,0.5361311170713556,0.5334705202496113,B->R+,0.0,0.0,yes
11.547098805979225,hohmann_only,0.5334776468882138,0.5361091186605886,0.5334776468882138,B->R+,0.0,0.0,yes
11.551265472645893,hohmann_only,0.5334847607968471,0.5360871321534931,0.5334847607968471,B->R+,0.0,0.0,yes
11.55543213931256,hohmann_only,0.5334918619924459,0.5360651575393376,0.5334918619924459,B->R+,0.0,0.0,yes
11.559598805979226,hohmann_only,0.5334989504919179,0.5360431948074038,0.5334989504919179,B->R+,0.0,0.0,yes
11.563765472645892,hohmann_only,0.533506026312145,0.5360212439469874,0.533506026312145,B->R+,0.0,0.0,yes
11.567932139312559,hohmann_only,0.5335130894699828,0.5359993049473974,0.5335130894699828,B->R+,0.0,0.0,yes
11.572098805979225,hohmann_only,0.5335201399822602,0.5359773777979563,0.5335201399822602,B->R+,0.0,0.0,yes
11.576265472645892,hohmann_only,0.5335271778657805,0.5359554624879999,0.5335271778657805,B->R+,0.0,0.0,yes
11.58043213931256,hohmann_only,0.5335342031373206,0.5359335590068776,0.5335342031373206,B->R+,0.0,0.0,yes
11.582354097521213,hohmann_only,0.5335374394382568,0.5359234595724074,0.5335374394382568,B->R+,0.0,0.0,yes
11.584598805979226,hohmann_only,0.5335412158136313,0.5359116673439521,0.5335412158136313,B->R+,0.0,0.0,yes
11.588765472645893,hohmann_only,0.5335482159114378,0.5358897874885997,0.5335482159114378,B->R+,0.0,0.0,yes
11.592932139312559,hohmann_only,0.5335552034474387,0.5358679194302098,0.5335552034474387,B->R+,0.0,0.0,yes
11.597098805979225,hohmann_only,0.5335621784383071,0.5358460631581854,0.5335621784383071,B->R+,0.0,0.0,yes
11.601265472645892,hohmann_only,0.5335691409006902,0.5358242186619425,0.5335691409006902,B->R+,0.0,0.0,yes
11.605432139312558,hohmann_only,0.533576090851209,0.5358023859309108,0.533576090851209,B->R+,0.0,0.0,yes
11.609598805979225,hohmann_only,0.5335830283064594,0.5357805649545329,0.5335830283064594,B->R+,0.0,0.0,yes
11.613765472645893,hohmann_only,0.533589953283011,0.5357587557222648,0.533589953283011,B->R+,0.0,0.0,yes
11.61793213931256,hohmann_only,0.5335968657974077,0.5357369582235759,0.5335968657974077,B->R+,0.0,0.0,yes
11.622098805979226,hohmann_only,0.5336037658661683,0.5357151724479485,0.5336037658661683,B->R+,0.0,0.0,yes
11.626265472645892,hohmann_only,0.5336106535057855,0.5356933983848785,0.5336106535057855,B->R+,0.0,0.0,yes
11.630432139312559,hohmann_only,0.5336175287327266,0.5356716360238746,0.5336175287327266,B->R+,0.0,0.0,yes
11.634598805979225,hohmann_only,0.5336243915634333,0.5356498853544587,0.5336243915634333,B->R+,0.0,0.0,yes
11.638765472645892,hohmann_only,0.5336312420143222,0.535628146366166,0.5336312420143222,B->R+,0.0,0.0,yes
11.64293213931256,hohmann_only,0.5336380801017842,0.5356064190485448,0.5336380801017842,B->R+,0.0,0.0,yes
11.647098805979226,hohmann_only,0.5336449058421847,0.5355847033911563,0.5336449058421847,B->R+,0.0,0.0,yes
11.651265472645893,hohmann_only,0.5336517192518644,0.5355629993835749,0.5336517192518644,B->R+,0.0,0.0,yes
11.655432139312559,hohmann_only,0.5336585203471379,0.5355413070153882,0.5336585203471379,B->R+,0.0,0.0,yes
11.659598805979225,hohmann_only,0.5336653091442956,0.5355196262761964,0.5336653091442956,B->R+,0.0,0.0,yes
11.663765472645892,hohmann_only,0.5336720856596016,0.5354979571556131,0.5336720856596016,B->R+,0.0,0.0,yes
11.667932139312558,hohmann_only,0.5336788499092957,0.5354762996432648,0.5336788499092957,B->R+,0.0,0.0,yes
11.67154965359047,hohmann_only,0.5336847127193394,0.5354575059229627,0.5336847127193394,B->R+,0.0,0.0,yes
11.672098805979225,hohmann_only,0.5336856019095921,0.5354546537287908,0.5336856019095921,B->R+,0.0,0.0,yes
11.676265472645893,hohmann_only,0.5336923416766808,0.5354330194018435,0.5336923416766808,B->R+,0.0,0.0,yes
11.68043213931256,hohmann_only,0.5336990692267256,0.5354113966520881,0.5336990692267256,B->R+,0.0,0.0,yes
11.684598805979226,hohmann_only,0.5337057845758663,0.5353897854692028,0.5337057845758663,B->R+,0.0,0.0,yes
11.688765472645892,hohmann_only,0.5337124877402175,0.5353681858428786,0.5337124877402175,B->R+,0.0,0.0,yes
11.692932139312559,hohmann_only,0.5337191787358689,0.5353465977628195,0.5337191787358689,B->R+,0.0,0.0,yes
11.697098805979225,hohmann_only,0.5337258575788855,0.5353250212187423,0.5337258575788855,B->R+,0.0,0.0,yes
11.701265472645892,hohmann_only,0.5337325242853076,0.5353034562003762,0.5337325242853076,B->R+,0.0,0.0,yes
11.70543213931256,hohmann_only,0.5337391788711503,0.5352819026974639,0.5337391788711503,B->R+,0.0,0.0,yes
11.709598805979226,hohmann_only,0.5337458213524048,0.5352603606997606,0.5337458213524048,B->R+,0.0,0.0,yes
11.713765472645893,hohmann_only,0.5337524517450372,0.5352388301970339,0.5337524517450372,B->R+,0.0,0.0,yes
11.717932139312559,hohmann_only,0.5337590700649889,0.5352173111790645,0.5337590700649889,B->R+,0.0,0.0,yes
11.722098805979225,hohmann_only,0.5337656763281773,0.5351958036356457,0.5337656763281773,B->R+,0.0,0.0,yes
11.726265472645892,hohmann_only,0.5337722705504948,0.5351743075565837,0.5337722705504948,B->R+,0.0,0.0,yes
11.730432139312558,hohmann_only,0.5337788527478096,0.5351528229316971,0.5337788527478096,B->R+,0.0,0.0,yes
11.734598805979225,hohmann_only,0.5337854229359655,0.5351313497508173,0.5337854229359655,B->R+,0.0,0.0,yes
11.738765472645893,hohmann_only,0.5337919811307817,0.5351098880037882,0.5337919811307817,B->R+,0.0,0.0,yes
11.74293213931256,hohmann_only,0.5337985273480536,0.5350884376804664,0.5337985273480536,B->R+,0.0,0.0,yes
11.747098805979226,hohmann_only,0.5338050616035519,0.5350669987707213,0.5338050616035519,B->R+,0.0,0.0,yes
11.751265472645892,hohmann_only,0.5338115839130232,0.5350455712644345,0.5338115839130232,B->R+,0.0,0.0,yes
11.755432139312559,hohmann_only,0.5338180942921898,0.5350241551515004,0.5338180942921898,B->R+,0.0,0.0,yes
11.759598805979225,hohmann_only,0.5338245927567502,0.5350027504218258,0.5338245927567502,B->R+,0.0,0.0,yes
11.761432103460036,hohmann_only,0.5338274482548288,0.534993336128475,0.5338274482548288,B->R+,0.0,0.0,yes
11.763765472645892,hohmann_only,0.5338310793223787,0.5349813570653301,0.5338310793223787,B->R+,0.0,0.0,yes
11.76793213931256,hohmann_only,0.5338375540047251,0.5349599750719451,0.5338375540047251,B->R+,0.0,0.0,yes
11.772098805979226,hohmann_only,0.533844016819416,0.5349386044316153,0.533844016819416,B->R+,0.0,0.0,yes
11.776265472645893,hohmann_only,0.533850467782053,0.5349172451342974,0.533850467782053,B->R+,0.0,0.0,yes
11.780432139312559,hohmann_only,0.5338569069082152,0.5348958971699607,0.5338569069082152,B->R+,0.0,0.0,yes
11.784598805979225,hohmann_only,0.5338633342134564,0.5348745605285866,0.5338633342134564,B->R+,0.0,0.0,yes
11.788765472645892,hohmann_only,0.5338697497133076,0.5348532352001694,0.5338697497133076,B->R+,0.0,0.0,yes
11.792932139312558,hohmann_only,0.5338761534232751,0.5348319211747155,0.5338761534232751,B->R+,0.0,0.0,yes
11.797098805979225,hohmann_only,0.5338825453588426,0.5348106184422434,0.5338825453588426,B->R+,0.0,0.0,yes
11.801265472645893,hohmann_only,0.5338889255354692,0.5347893269927846,0.5338889255354692,B->R+,0.0,0.0,yes
11.80543213931256,hohmann_only,0.5338952939685905,0.5347680468163822,0.5338952939685905,B->R+,0.0,0.0,yes
11.809598805979226,hohmann_only,0.5339016506736188,0.534746777903092,0.5339016506736188,B->R+,0.0,0.0,yes
11.813765472645892,hohmann_only,0.5339079956659427,0.534725520242982,0.5339079956659427,B->R+,0.0,0.0,yes
11.817932139312559,hohmann_only,0.5339143289609272,0.5347042738261325,0.5339143289609272,B->R+,0.0,0.0,yes
11.822098805979225,hohmann_only,0.5339206505739136,0.534683038642636,0.5339206505739136,B->R+,0.0,0.0,yes
11.826265472645892,hohmann_only,0.5339269605202204,0.5346618146825971,0.5339269605202204,B->R+,0.0,0.0,yes
11.83043213931256,hohmann_only,0.533933258815142,0.5346406019361327,0.533933258815142,B->R+,0.0,0.0,yes
11.834598805979226,hohmann_only,0.5339395454739498,0.534619400393372,0.5339395454739498,B->R+,0.0,0.0,yes
11.838765472645893,hohmann_only,0.5339458205118921,0.5345982100444562,0.5339458205118921,B->R+,0.0,0.0,yes
11.842932139312559,hohmann_only,0.5339520839441934,0.5345770308795386,0.5339520839441934,B->R+,0.0,0.0,yes
11.847098805979225,hohmann_only,0.5339583357860551,0.5345558628887848,0.5339583357860551,B->R+,0.0,0.0,yes
11.851265472645892,hohmann_only,0.5339645760526562,0.5345347060623722,0.5339645760526562,B->R+,0.0,0.0,yes
11.852006736889997,hohmann_only,0.5339656850057549,0.5345309433596416,0.5339656850057549,B->R+,0.0,0.0,yes
11.855432139312558,hohmann_only,0.5339708047591513,0.5345135603904909,0.5339708047591513,B->R+,0.0,0.0,yes
11.859598805979225,hohmann_only,0.5339770219206728,0.5344924258633423,0.5339770219206728,B->R+,0.0,0.0,yes
11.863765472645893,hohmann_only,0.5339832275523296,0.5344713024711404,0.5339832275523296,B->R+,0.0,0.0,yes
11.86793213931256,hohmann_only,0.5339894216692079,0.5344501902041109,0.5339894216692079,B->R+,0.0,0.0,yes
11.872098805979226,hohmann_only,0.5339956042863706,0.5344290890524918,0.5339956042863706,B->R+,0.0,0.0,yes
11.876265472645892,hohmann_only,0.534001775418858,0.5344079990065327,0.534001775418858,B->R+,0.0,0.0,yes
11.880432139312559,hohmann_only,0.5340079350816871,0.5343869200564955,0.5340079350816871,B->R+,0.0,0.0,yes
11.884598805979225,hohmann_only,0.5340140832898526,0.5343658521926539,0.5340140832898526,B->R+,0.0,0.0,yes
11.888765472645892,hohmann_only,0.5340202200583258,0.5343447954052937,0.5340202200583258,B->R+,0.0,0.0,yes
11.89293213931256,hohmann_only,0.5340263454020556,0.5343237496847124,0.5340263454020556,B->R+,0.0,0.0,yes
11.897098805979226,hohmann_only,0.5340324593359682,0.5343027150212195,0.5340324593359682,B->R+,0.0,0.0,yes
11.901265472645893,hohmann_only,0.5340385618749666,0.5342816914051363,0.5340385618749666,B->R+,0.0,0.0,yes
11.905432139312559,hohmann_only,0.5340446530339319,0.5342606788267961,0.5340446530339319,B->R+,0.0,0.0,yes
11.909598805979225,hohmann_only,0.5340507328277221,0.5342396772765439,0.5340507328277221,B->R+,0.0,0.0,yes
11.913765472645892,hohmann_only,0.5340568012711726,0.5342186867447366,0.5340568012711726,B->R+,0.0,0.0,yes
11.917932139312558,hohmann_only,0.534062858379097,0.5341977072217429,0.534062858379097,B->R+,0.0,0.0,yes
11.922098805979225,hohmann_only,0.534068904166285,0.5341767386979431,0.534068904166285,B->R+,0.0,0.0,yes
11.926265472645893,hohmann_only,0.5340749386475054,0.5341557811637296,0.5340749386475054,B->R+,0.0,0.0,yes
11.93043213931256,hohmann_only,0.5340809618375038,0.5341348346095063,0.5340809618375038,B->R+,0.0,0.0,yes
11.934598805979226,hohmann_only,0.5340869737510032,0.534113899025689,0.5340869737510032,B->R+,0.0,0.0,yes
11.938765460707128,hohmann_only,0.5340929743855274,0.5340929744626446,0.5340929743855274,B->R+,0.0,0.0,yes
11.938765472645892,hohmann_only,0.5340929744027049,0.5340929744027049,0.5340929744027049,B->R+,0.0,0.0,yes
11.938765484584659,large_B_bielliptic,0.5340929744198826,0.5340929743427651,0.5340929743427651,B->inf,7.711742355809292e-11,5.957907553506535e-07,no
11.938777411411364,large_B_bielliptic,0.5340929915802282,0.5340929144630439,0.5340929144630439,B->inf,7.711718430503112e-08,0.0005957889069387664,no
11.942932139312559,large_B_bielliptic,0.5340989638072875,0.5340720607309931,0.5340720607309931,B->inf,2.6903076294382267e-05,0.20784672784888683,no
11.94327888437682,large_B_bielliptic,0.5340994617319699,0.5340703208133051,0.5340703208133051,B->inf,2.9140918664793958e-05,0.225135762345986,no
11.947098805979225,large_B_bielliptic,0.5341049419794079,0.5340511580010047,0.5340511580010047,B->inf,5.3783978403276755e-05,0.415522143248375,no
11.950704238118536,large_B_bielliptic,0.5341101058603218,0.5340330796140401,0.5340330796140401,B->inf,7.70262462816973e-05,0.5950863415376889,no
11.951265472645892,large_B_bielliptic,0.5341109089337,0.5340302662032016,0.5340302662032016,B->inf,8.064273049834814e-05,0.62302643294296,no
11.95543213931256,large_B_bielliptic,0.5341168646847758,0.5340093853280582,0.5340093853280582,B->inf,0.00010747935671762132,0.8303597834172445,no
11.959598805979226,large_B_bielliptic,0.5341228092472255,0.5339885153660601,0.5339885153660601,B->inf,0.00013429388116548147,1.0375223808959386,no
11.963765472645893,large_B_bielliptic,0.5341287426356173,0.5339676563077045,0.5339676563077045,B->inf,0.000161086327912785,1.244514411344717,no
11.967932139312559,large_B_bielliptic,0.5341346648644967,0.5339468081435003,0.5339468081435003,B->inf,0.00018785672099641548,1.4513360604667895,no
11.972098805979225,large_B_bielliptic,0.5341405759483877,0.5339259708639679,0.5339259708639679,B->inf,0.00021460508441983883,1.657987513707187,no
11.976265472645892,large_B_bielliptic,0.5341464759017923,0.5339051444596391,0.5339051444596391,B->inf,0.00024133144215321423,1.8644689562536227,no
11.980432139312558,large_B_bielliptic,0.5341523647391904,0.5338843289210576,0.5338843289210576,B->inf,0.00026803581813272803,2.070780573031343,no
11.984598805979225,large_B_bielliptic,0.5341582424750401,0.5338635242387785,0.5338635242387785,B->inf,0.000294718236261593,2.276922548710847,no
11.988765472645893,large_B_bielliptic,0.5341641091237777,0.5338427304033678,0.5338427304033678,B->inf,0.0003213787204098262,2.482895067706174,no
11.99293213931256,large_B_bielliptic,0.5341699646998177,0.5338219474054038,0.5338219474054038,B->inf,0.00034801729441391593,2.6886983141723273,no
11.997098805979226,large_B_bielliptic,0.5341758092175526,0.533801175235476,0.533801175235476,B->inf,0.0003746339820765998,2.8943324720035593,no
12.001265472645892,large_B_bielliptic,0.5341816426913535,0.5337804138841848,0.5337804138841848,B->inf,0.00040122880716864096,3.0997977248470963,no
12.005432139312559,large_B_bielliptic,0.5341874651355697,0.5337596633421429,0.5337596633421429,B->inf,0.00042780179342682967,3.3050942560876986,no
12.009598805979225,large_B_bielliptic,0.5341932765645288,0.5337389235999737,0.5337389235999737,B->inf,0.00045435296455509366,3.510222248856238,no
12.013765472645892,large_B_bielliptic,0.5341990769925367,0.5337181946483124,0.5337181946483124,B->inf,0.000480882344224276,3.715181886027982,no
12.01793213931256,large_B_bielliptic,0.5342048664338778,0.5336974764778052,0.5336974764778052,B->inf,0.0005073899560725792,3.9199733502260248,no
12.022098805979226,large_B_bielliptic,0.5342106449028151,0.5336767690791101,0.5336767690791101,B->inf,0.0005338758237050101,4.124596823816999,no
12.026265472645893,large_B_bielliptic,0.53421641241359,0.533656072442896,0.533656072442896,B->inf,0.0005603399706939349,4.329052488915365,no
12.030432139312559,large_B_bielliptic,0.5342221689804225,0.5336353865598434,0.5336353865598434,B->inf,0.0005867824205790795,4.533340527383408,no
12.034598805979225,large_B_bielliptic,0.5342279146175108,0.5336147114206439,0.5336147114206439,B->inf,0.0006132031968669738,4.7374611208269535,no
12.035253917467044,large_B_bielliptic,0.5342288169920082,0.5336114617123532,0.5336114617123532,B->inf,0.0006173552796550075,4.769539118592239,no
12.038765472645892,large_B_bielliptic,0.5342336493390324,0.5335940470160005,0.5335940470160005,B->inf,0.0006396023230318404,4.941414450602226,no
12.042932139312558,large_B_bielliptic,0.5342393731591428,0.5335733933366276,0.5335733933366276,B->inf,0.0006659798225152613,5.1452006978132765,no
12.047098805979225,large_B_bielliptic,0.5342450860919766,0.5335527503732503,0.5335527503732503,B->inf,0.0006923357187262891,5.348820043312842,no
12.051265472645893,large_B_bielliptic,0.5342507881516472,0.5335321181166055,0.5335321181166055,B->inf,0.0007186700350416686,5.552272667704059,no
12.05543213931256,large_B_bielliptic,0.5342564793522464,0.5335114965574411,0.5335114965574411,B->inf,0.0007449827948052823,5.755558751336173,no
12.059598805979226,large_B_bielliptic,0.534262159707845,0.5334908856865164,0.5334908856865164,B->inf,0.000771274021328594,5.958678474307976,no
12.063765472645892,large_B_bielliptic,0.5342678292324926,0.5334702854946011,0.5334702854946011,B->inf,0.0007975437378915373,6.161632016474662,no
12.067932139312559,large_B_bielliptic,0.5342734879402178,0.533449695972477,0.533449695972477,B->inf,0.000823791967740739,6.364419557434105,no
12.072098805979225,large_B_bielliptic,0.534279135845028,0.5334291171109368,0.5334291171109368,B->inf,0.0008500187340911847,6.567041276539725,no
12.076265472645892,large_B_bielliptic,0.5342847729609096,0.5334085489007838,0.5334085489007838,B->inf,0.0008762240601257743,6.769497352897061,no
12.08043213931256,large_B_bielliptic,0.5342903993018282,0.5333879913328329,0.5333879913328329,B->inf,0.0009024079689953224,6.971787965363764,no
12.084598805979226,large_B_bielliptic,0.534296014881728,0.5333674443979101,0.5333674443979101,B->inf,0.0009285704838178921,7.173913292544455,no
12.088765472645893,large_B_bielliptic,0.5343016197145325,0.5333469080868521,0.5333469080868521,B->inf,0.0009547116276803491,7.375873512802733,no
12.092932139312559,large_B_bielliptic,0.5343072138141444,0.5333263823905071,0.5333263823905071,B->inf,0.0009808314236372517,7.577668804252597,no
12.097098805979225,large_B_bielliptic,0.5343127971944454,0.533305867299734,0.533305867299734,B->inf,0.0010069298947114058,7.779299344762734,no
12.101265472645892,large_B_bielliptic,0.5343183698692966,0.5332853628054027,0.5332853628054027,B->inf,0.0010330070638938649,7.98076531195652,no
12.105432139312558,large_B_bielliptic,0.5343239318525379,0.5332648688983945,0.5332648688983945,B->inf,0.001059062954143375,8.182066883207733,no
12.109598805979225,large_B_bielliptic,0.534329483157989,0.5332443855696013,0.5332443855696013,B->inf,0.0010850975883877068,8.383204235650838,no
12.113765472645893,large_B_bielliptic,0.5343350237994484,0.5332239128099259,0.5332239128099259,B->inf,0.0011111109895225457,8.584177546172425,no
12.11793213931256,large_B_bielliptic,0.5343405537906941,0.5332034506102824,0.5332034506102824,B->inf,0.0011371031804117138,8.784986991412906,no
12.122098805979226,large_B_bielliptic,0.5343460731454838,0.5331829989615957,0.5331829989615957,B->inf,0.0011630741838880576,8.985632747773389,no
12.126265472645892,large_B_bielliptic,0.534351581877554,0.5331625578548015,0.5331625578548015,B->inf,0.0011890240227525606,9.186114991408814,no
12.127937249073439,large_B_bielliptic,0.5343537891429682,0.5331543593056192,0.5331543593056192,B->inf,0.0011994298373489976,9.26650782421371,no
12.130432139312559,large_B_bielliptic,0.5343570800006212,0.5331421272808464,0.5331421272808464,B->inf,0.0012149527197747867,9.386433898231386,no
12.134598805979225,large_B_bielliptic,0.534362567528381,0.5331217072306881,0.5331217072306881,B->inf,0.0012408602976928806,9.586589643910564,no
12.138765472645892,large_B_bielliptic,0.5343680444745087,0.5331012976952948,0.5331012976952948,B->inf,0.0012667467792139009,9.786582403875649,no
12.14293213931256,large_B_bielliptic,0.5343735108526588,0.5330808986656459,0.5330808986656459,B->inf,0.0012926121870129315,9.98641235330891,no
12.147098805979226,large_B_bielliptic,0.5343789666764661,0.5330605101327316,0.5330605101327316,B->inf,0.0013184565437345253,10.186079667156744,no
12.151265472645893,large_B_bielliptic,0.5343844119595444,0.5330401320875526,0.5330401320875526,B->inf,0.0013442798719918159,10.385584520122807,no
12.155432139312559,large_B_bielliptic,0.5343898467154875,0.5330197645211209,0.5330197645211209,B->inf,0.0013700821943666286,10.584927086668879,no
12.159598805979225,large_B_bielliptic,0.5343952709578683,0.5329994074244586,0.5329994074244586,B->inf,0.0013958635334097025,10.78410754101657,no
12.163765472645892,large_B_bielliptic,0.5344006847002405,0.5329790607885992,0.5329790607885992,B->inf,0.0014216239116412455,10.983126057151617,no
12.167932139312558,large_B_bielliptic,0.5344060879561364,0.5329587246045866,0.5329587246045866,B->inf,0.001447363351549824,11.1819828088153,no
12.172098805979225,large_B_bielliptic,0.5344114807390689,0.5329383988634755,0.5329383988634755,B->inf,0.0014730818755933628,11.380677969512172,no
12.176265472645893,large_B_bielliptic,0.5344168630625304,0.5329180835563314,0.5329180835563314,B->inf,0.0014987795061990328,11.579211712509185,no
12.18043213931256,large_B_bielliptic,0.5344222349399934,0.5328977786742306,0.5328977786742306,B->inf,0.001524456265762808,11.777584210832273,no
12.184598805979226,large_B_bielliptic,0.5344275963849102,0.5328774842082598,0.5328774842082598,B->inf,0.0015501121766504644,11.975795637274071,no
12.188765472645892,large_B_bielliptic,0.5344329474107127,0.5328572001495163,0.5328572001495163,B->inf,0.0015757472611963586,12.17384616438447,no
12.192932139312559,large_B_bielliptic,0.5344382880308134,0.5328369264891084,0.5328369264891084,B->inf,0.001601361541704982,12.371735964482632,no
12.197098805979225,large_B_bielliptic,0.5344436182586041,0.532816663218155,0.532816663218155,B->inf,0.001626955040449074,12.56946520964241,no
12.201265472645892,large_B_bielliptic,0.5344489381074575,0.5327964103277852,0.5327964103277852,B->inf,0.001652527779672286,12.76703407171293,no
12.20543213931256,large_B_bielliptic,0.5344542475907257,0.5327761678091393,0.5327761678091393,B->inf,0.0016780797815864057,12.964442722297147,no
12.209598805979226,large_B_bielliptic,0.534459546721741,0.5327559356533675,0.5327559356533675,B->inf,0.0017036110683734673,13.16169133276815,no
12.213765472645893,large_B_bielliptic,0.5344648355138164,0.5327357138516313,0.5327357138516313,B->inf,0.0017291216621850847,13.358780074264004,no
12.217932139312559,large_B_bielliptic,0.5344701139802444,0.5327155023951021,0.5327155023951021,B->inf,0.0017546115851422295,13.55570911768604,no
12.221334333793525,large_B_bielliptic,0.534474416340411,0.5326990068677824,0.5326990068677824,B->inf,0.001775409472628664,13.716388618161137,no
12.222098805979225,large_B_bielliptic,0.5344753821342982,0.5326953012749625,0.5326953012749625,B->inf,0.0017800808593357864,13.752478633703147,no
12.226265472645892,large_B_bielliptic,0.5344806399892309,0.5326751104824048,0.5326751104824048,B->inf,0.001805529506826109,13.949088792748336,no
12.230432139312558,large_B_bielliptic,0.5344858875582762,0.5326549300086324,0.5326549300086324,B->inf,0.0018309575496437969,14.145539765024745,no
12.234598805979225,large_B_bielliptic,0.534491124854648,0.5326347598448591,0.5326347598448591,B->inf,0.0018563650097889184,14.341831720499636,no
12.238765472645893,large_B_bielliptic,0.5344963518915407,0.532614599982309,0.532614599982309,B->inf,0.001881751909231677,14.537964828909546,no
12.24293213931256,large_B_bielliptic,0.5345015686821285,0.532594450412217,0.532594450412217,B->inf,0.001907118269911523,14.733939259753411,no
12.247098805979226,large_B_bielliptic,0.534506775239567,0.5325743111258278,0.5325743111258278,B->inf,0.0019324641137392629,14.92975518230888,no
12.251265472645892,large_B_bielliptic,0.5345119715769916,0.5325541821143972,0.5325541821143972,B->inf,0.001957789462594395,15.125412765611717,no
12.255432139312559,large_B_bielliptic,0.5345171577075184,0.5325340633691911,0.5325340633691911,B->inf,0.001983094338327329,15.320912178472966,no
12.259598805979225,large_B_bielliptic,0.534522333644244,0.5325139548814857,0.5325139548814857,B->inf,0.0020083787627582783,15.516253589470363,no
12.263765472645892,large_B_bielliptic,0.5345274994002454,0.5324938566425678,0.5324938566425678,B->inf,0.0020336427576775895,15.711437166950914,no
12.26793213931256,large_B_bielliptic,0.5345326549885807,0.5324737686437342,0.5324737686437342,B->inf,0.0020588863448465222,15.906463079036902,no
12.272098805979226,large_B_bielliptic,0.534537800422288,0.5324536908762926,0.5324536908762926,B->inf,0.0020841095459954717,16.101331493612157,no
12.276265472645893,large_B_bielliptic,0.5345429357143866,0.5324336233315605,0.5324336233315605,B->inf,0.0021093123828260785,16.296042578338362,no
12.280432139312559,large_B_bielliptic,0.5345480608778763,0.5324135660008661,0.5324135660008661,B->inf,0.002134494877010229,16.490596500647325,no
12.284598805979225,large_B_bielliptic,0.5345531759257377,0.5323935188755476,0.5323935188755476,B->inf,0.002159657050190056,16.684993427740977,no
12.288765472645892,large_B_bielliptic,0.5345582808709319,0.5323734819469536,0.5323734819469536,B->inf,0.0021847989239783816,16.879233526594817,no
12.292932139312558,large_B_bielliptic,0.534563375726401,0.532353455206443,0.532353455206443,B->inf,0.002209920519958053,17.07331696395275,no
12.297098805979225,large_B_bielliptic,0.5345684605050682,0.532333438645385,0.532333438645385,B->inf,0.0022350218596832727,17.267243906337388,no
12.301265472645893,large_B_bielliptic,0.5345735352198373,0.5323134322551587,0.5323134322551587,B->inf,0.002260102964678601,17.461014520042333,no
12.30543213931256,large_B_bielliptic,0.5345785998835929,0.532293436027154,0.532293436027154,B->inf,0.0022851638564389543,17.65462897113216,no
12.309598805979226,large_B_bielliptic,0.5345836545092009,0.5322734499527703,0.5322734499527703,B->inf,0.002310204556430606,17.848087425450164,no
12.313765472645892,large_B_bielliptic,0.5345886991095076,0.5322534740234178,0.5322534740234178,B->inf,0.0023352250860897428,18.04139004860718,no
12.315450668230607,large_B_bielliptic,0.5345907365382804,0.5322453976992695,0.5322453976992695,B->inf,0.002345338839010891,18.119526482817562,no
12.317932139312559,large_B_bielliptic,0.534593733697341,0.5322335082305165,0.5322335082305165,B->inf,0.0023602254668244615,18.23453700599706,no
12.322098805979225,large_B_bielliptic,0.5345987582855097,0.532213552565497,0.532213552565497,B->inf,0.002385205720012773,18.427528462781183,no
12.326265472645892,large_B_bielliptic,0.5346037728868036,0.5321936070197991,0.5321936070197991,B->inf,0.002410165867004488,18.620364583903083,no
12.33043213931256,large_B_bielliptic,0.5346087775139936,0.5321736715848739,0.5321736715848739,B->inf,0.002435105929119663,18.813045534076412,no
12.334598805979226,large_B_bielliptic,0.5346137721798314,0.5321537462521819,0.5321537462521819,B->inf,0.0024600259276494896,19.005571477791815,no
12.338765472645893,large_B_bielliptic,0.5346187568970507,0.5321338310131937,0.5321338310131937,B->inf,0.00248492588385707,19.19794257932294,no
12.342932139312559,large_B_bielliptic,0.5346237316783655,0.5321139258593902,0.5321139258593902,B->inf,0.002509805818975308,19.390159002710114,no
12.347098805979225,large_B_bielliptic,0.5346286965364717,0.5320940307822623,0.5320940307822623,B->inf,0.002534665754209464,19.5822209117801,no
12.351265472645892,large_B_bielliptic,0.5346336514840463,0.532074145773311,0.532074145773311,B->inf,0.002559505710735266,19.774128470131505,no
12.355432139312558,large_B_bielliptic,0.5346385965337473,0.5320542708240471,0.5320542708240471,B->inf,0.0025843257097002414,19.965881841145073,no
12.359598805979225,large_B_bielliptic,0.5346435316982143,0.5320344059259917,0.5320344059259917,B->inf,0.002609125772222609,20.157481187975094,no
12.363765472645893,large_B_bielliptic,0.5346484569900686,0.5320145510706759,0.5320145510706759,B->inf,0.0026339059193927206,20.348926673560584,no
12.36793213931256,large_B_bielliptic,0.5346533724219121,0.5319947062496404,0.5319947062496404,B->inf,0.0026586661722717286,20.54021846061497,no
12.372098805979226,large_B_bielliptic,0.5346582780063289,0.5319748714544363,0.5319748714544363,B->inf,0.0026834065518925865,20.731356711633808,no
12.376265472645892,large_B_bielliptic,0.534663173755884,0.5319550466766245,0.5319550466766245,B->inf,0.0027081270792594925,20.92234158889051,no
12.380432139312559,large_B_bielliptic,0.5346680596831245,0.5319352319077759,0.5319352319077759,B->inf,0.0027328277753485564,21.113173254441477,no
12.384598805979225,large_B_bielliptic,0.5346729358005784,0.5319154271394712,0.5319154271394712,B->inf,0.002757508661107244,21.303851870121818,no
12.388765472645892,large_B_bielliptic,0.5346778021207554,0.531895632363301,0.531895632363301,B->inf,0.002782169757454489,21.494377597546205,no
12.39293213931256,large_B_bielliptic,0.5346826586561475,0.5318758475708659,0.5318758475708659,B->inf,0.0028068110852815797,21.684750598115738,no
12.397098805979226,large_B_bielliptic,0.5346875054192273,0.5318560727537766,0.5318560727537766,B->inf,0.002831432665450717,21.874971033006776,no
12.401265472645893,large_B_bielliptic,0.5346923424224497,0.5318363079036531,0.5318363079036531,B->inf,0.0028560345187965686,22.065039063182983,no
12.405432139312559,large_B_bielliptic,0.5346971696782511,0.5318165530121257,0.5318165530121257,B->inf,0.0028806166661253796,22.254954849388426,no
12.409598805979225,large_B_bielliptic,0.5347019871990497,0.5317968080708345,0.5317968080708345,B->inf,0.002905179128215196,22.444718552149315,no
12.410291791317277,large_B_bielliptic,0.5347027874888389,0.5317935251261555,0.5317935251261555,B->inf,0.002909262362683407,22.47626464427539,no
12.413765472645892,large_B_bielliptic,0.5347067949972454,0.5317770730714293,0.5317770730714293,B->inf,0.0029297219258160867,22.634330331775715,no
12.417932139312558,large_B_bielliptic,0.5347115930852198,0.5317573480055695,0.5317573480055695,B->inf,0.002954245079650253,22.82379034836239,no
12.422098805979225,large_B_bielliptic,0.5347163814753366,0.5317376328649249,0.5317376328649249,B->inf,0.0029787486104116967,23.013098761786253,no
12.426265472645893,large_B_bielliptic,0.5347211601799411,0.5317179276411744,0.5317179276411744,B->inf,0.0030032325387666647,23.202255731709776,no
12.43043213931256,large_B_bielliptic,0.5347259292113604,0.5316982323260073,0.5316982323260073,B->inf,0.0030276968853530928,23.39126141757671,no
12.434598805979226,large_B_bielliptic,0.534730688581904,0.531678546911122,0.531678546911122,B->inf,0.003052141670781938,23.580115978622377,no
12.438765472645892,large_B_bielliptic,0.5347354383038626,0.5316588713882273,0.5316588713882273,B->inf,0.0030765669156352926,23.76881957385909,no
12.505863284641356,large_B_bielliptic,0.5348106067426253,0.5313433825000662,0.5313433825000662,B->inf,0.003467224242559075,26.786944572755818,no
12.602170772774402,large_B_bielliptic,0.5349142316484277,0.5308949631980797,0.5308949631980797,B->inf,0.004019268450347946,31.051905983165494,no
12.69921992360272,large_B_bielliptic,0.5350136993532766,0.5304482606226295,0.5304482606226295,B->inf,0.004565438730647076,35.27148683579044,no
12.797016448660958,large_B_bielliptic,0.5351090468024544,0.530003268201407,0.530003268201407,B->inf,0.005105778601047439,39.44602333712202,no
12.895566103468187,large_B_bielliptic,0.5352003107395231,0.529559979387265,0.529559979387265,B->inf,0.0056403313522581655,43.575849940816774,no
12.99487468786667,large_B_bielliptic,0.5352875277063686,0.5291183876581215,0.5291183876581215,B->inf,0.00616914004824709,47.66129934878228,no
13.094948046363164,large_B_bielliptic,0.5353707340432619,0.5286784865168637,0.5286784865168637,B->inf,0.006692247526398187,51.70270251239342,no
13.19579206847292,large_B_bielliptic,0.5354499658889376,0.5282402694912518,0.5282402694912518,B->inf,0.007209696397685761,55.7003886338382,no
13.297412689066253,large_B_bielliptic,0.5355252591806895,0.5278037301338251,0.5278037301338251,B->inf,0.007721529046864406,59.654685167585264,no
13.39981588871783,large_B_bielliptic,0.5355966496544795,0.5273688620218057,0.5273688620218057,B->inf,0.008227787632673844,63.565917821966465,no
13.503007694058649,large_B_bielliptic,0.5356641728450655,0.5269356587570048,0.5269356587570048,B->inf,0.008728514088060746,67.43441056089057,no
13.60699417813073,large_B_bielliptic,0.5357278640861438,0.5265041139657285,0.5265041139657285,B->inf,0.00922375012041532,71.26048560567114,no
13.71178146074449,large_B_bielliptic,0.5357877585105062,0.5260742212986838,0.5260742212986838,B->inf,0.009713537211822443,75.04446343696665,no
13.817375708838924,large_B_bielliptic,0.5358438910502141,0.5256459744308855,0.5256459744308855,B->inf,0.010197916619328673,78.78666279684339,no
13.923783136844564,large_B_bielliptic,0.5358962964367853,0.5252193670615626,0.5252193670615626,B->inf,0.010676929375222688,82.48740069094207,no
14.031010007049169,large_B_bielliptic,0.5359450092013972,0.5247943929140664,0.5247943929140664,B->inf,0.011150616287330828,86.14699239076113,no
14.139062629966299,large_B_bielliptic,0.5359900636751045,0.5243710457357773,0.5243710457357773,B->inf,0.01161901793932718,89.76575143605233,no
14.247947364706691,large_B_bielliptic,0.5360314939890694,0.5239493192980132,0.5239493192980132,B->inf,0.012082174691056102,93.34398963731249,no
14.35767061935253,large_B_bielliptic,0.5360693340748077,0.5235292073959384,0.5235292073959384,B->inf,0.012540126678869279,96.88201707838762,no
14.468238851334537,large_B_bielliptic,0.5361036176644477,0.5231107038484712,0.5231107038484712,B->inf,0.012992913815976448,100.38014211918238,no
14.579658567812025,large_B_bielliptic,0.5361343782910027,0.5226938024981935,0.5226938024981935,B->inf,0.013440575792809217,103.83867139847095,no
14.691936326055854,large_B_bielliptic,0.5361616492886572,0.5222784972112607,0.5222784972112607,B->inf,0.013883152077396432,107.257909836797,no
14.805078733834357,large_B_bielliptic,0.5361854637930651,0.5218647818773107,0.5218647818773107,B->inf,0.014320681915754419,110.63816063948863,no
14.919092449802184,large_B_bielliptic,0.5362058547416626,0.521452650409374,0.521452650409374,B->inf,0.01475320433228855,113.97972529976074,no
15.033984183892194,large_B_bielliptic,0.5362228548739918,0.5210420967437853,0.5210420967437853,B->inf,0.015180758130206473,117.28290360190759,no
15.081718738763179,large_B_bielliptic,0.5362288973749232,0.5208729033643775,0.5208729033643775,B->inf,0.01535599401054566,118.63673406841913,no
15.085885405429845,large_B_bielliptic,0.5362293968201113,0.5208581728862033,0.5208581728862033,B->inf,0.015371223933907996,118.75439681083613,no
15.090052072096512,large_B_bielliptic,0.5362298917938142,0.5208434485095217,0.5208434485095217,B->inf,0.015386443284292506,118.87197786895723,no
15.094218738763178,large_B_bielliptic,0.5362303823012061,0.520828730230122,0.520828730230122,B->inf,0.015401652071084126,118.9894773152882,no
15.098385405429847,large_B_bielliptic,0.536230868347454,0.5208140180437973,0.5208140180437973,B->inf,0.015416850303656693,119.10689522224904,no
15.102552072096513,large_B_bielliptic,0.5362313499377185,0.5207993119463448,0.5207993119463448,B->inf,0.015432037991373715,119.22423166217999,no
15.10671873876318,large_B_bielliptic,0.536231827077154,0.5207846119335654,0.5207846119335654,B->inf,0.0154472151435886,119.34148670734325,no
15.110885405429846,large_B_bielliptic,0.5362322997709081,0.5207699180012646,0.5207699180012646,B->inf,0.01546238176964354,119.45866042991435,no
15.115052072096512,large_B_bielliptic,0.5362327680241221,0.5207552301452516,0.5207552301452516,B->inf,0.015477537878870518,119.57575290198994,no
15.119218738763179,large_B_bielliptic,0.5362332318419307,0.5207405483613399,0.5207405483613399,B->inf,0.015492683480590852,119.69276419558433,no
15.123385405429845,large_B_bielliptic,0.5362336912294623,0.5207258726453465,0.5207258726453465,B->inf,0.015507818584115762,119.80969438263374,no
15.127552072096512,large_B_bielliptic,0.5362341461918385,0.5207112029930934,0.5207112029930934,B->inf,0.015522943198745143,119.92654353498693,no
15.13171873876318,large_B_bielliptic,0.5362345967341748,0.5206965394004055,0.5206965394004055,B->inf,0.01553805733376934,120.04331172441893,no
15.135885405429846,large_B_bielliptic,0.5362350428615803,0.5206818818631125,0.5206818818631125,B->inf,0.015553160998467819,120.15999902262062,no
15.140052072096513,large_B_bielliptic,0.5362354845791573,0.5206672303770479,0.5206672303770479,B->inf,0.015568254202109388,120.27660550120063,no
15.144218738763179,large_B_bielliptic,0.5362359218920019,0.520652584938049,0.520652584938049,B->inf,0.015583336953952864,120.39313123169035,no
15.148385405429845,large_B_bielliptic,0.5362363548052038,0.5206379455419575,0.5206379455419575,B->inf,0.015598409263246293,120.50957628553795,no
15.149760697710379,large_B_bielliptic,0.5362364967320373,0.5206331148400922,0.5206331148400922,B->inf,0.0156033818919451,120.54799362460153,no
15.152552072096512,large_B_bielliptic,0.5362367833238464,0.5206233121846189,0.5206233121846189,B->inf,0.015613471139227508,120.62594073411275,no
15.156718738763178,large_B_bielliptic,0.5362372074530066,0.5206086848618826,0.5206086848618826,B->inf,0.015628522591124017,120.74222464870422,no
15.160885405429847,large_B_bielliptic,0.5362376271977547,0.520594063569602,0.520594063569602,B->inf,0.015643563628152668,120.85842810051959,no
15.165052072096513,large_B_bielliptic,0.536238042563155,0.5205794483036348,0.5205794483036348,B->inf,0.01565859425952021,120.97455116068792,no
15.16921873876318,large_B_bielliptic,0.5362384535542654,0.5205648390598423,0.5205648390598423,B->inf,0.01567361449442306,121.09059390025861,no
15.173385405429846,large_B_bielliptic,0.5362388601761369,0.52055023583409,0.52055023583409,B->inf,0.015688624342046875,121.2065563901978,no
15.177552072096512,large_B_bielliptic,0.5362392624338151,0.5205356386222473,0.5205356386222473,B->inf,0.01570362381156787,121.32243870139871,no
15.181718738763179,large_B_bielliptic,0.5362396603323383,0.5205210474201877,0.5205210474201877,B->inf,0.015718612912150598,121.43824090466454,no
15.185885405429845,large_B_bielliptic,0.5362400538767393,0.5205064622237883,0.5205064622237883,B->inf,0.015733591652951073,121.55396307073242,no
15.190052072096512,large_B_bielliptic,0.5362404430720439,0.5204918830289305,0.5204918830289305,B->inf,0.015748560043113424,121.66960527024771,no
15.19421873876318,large_B_bielliptic,0.5362408279232721,0.5204773098314996,0.5204773098314996,B->inf,0.015763518091772455,121.78516757378372,no
15.198385405429846,large_B_bielliptic,0.5362412084354373,0.5204627426273849,0.5204627426273849,B->inf,0.015778465808052422,121.90065005183229,no
15.202552072096513,large_B_bielliptic,0.5362415846135467,0.5204481814124793,0.5204481814124793,B->inf,0.01579340320106737,122.0160527748063,no
15.206718738763179,large_B_bielliptic,0.5362419564626012,0.5204336261826801,0.5204336261826801,B->inf,0.015808330279921123,122.1313758130398,no
15.210885405429845,large_B_bielliptic,0.5362423239875955,0.5204190769338881,0.5204190769338881,B->inf,0.015823247053707412,122.24661923678867,no
15.215052072096512,large_B_bielliptic,0.536242687193518,0.5204045336620086,0.5204045336620086,B->inf,0.015838153531509414,122.36178311622743,no
15.219218738763178,large_B_bielliptic,0.536243046085351,0.52038999636295,0.52038999636295,B->inf,0.01585304972240098,122.47686752145849,no
15.223385405429847,large_B_bielliptic,0.5362434006680703,0.5203754650326256,0.5203754650326256,B->inf,0.015867935635444752,122.59187252249761,no
15.227552072096513,large_B_bielliptic,0.5362437509466451,0.5203609396669516,0.5203609396669516,B->inf,0.015882811279693487,122.70679818928424,no
15.23171873876318,large_B_bielliptic,0.5362440969260398,0.5203464202618491,0.5203464202618491,B->inf,0.01589767666419073,122.82164459168666,no
15.235885405429846,large_B_bielliptic,0.5362444386112107,0.5203319068132423,0.5203319068132423,B->inf,0.015912531797968477,122.93641179948389,no
15.240052072096512,large_B_bielliptic,0.5362447760071094,0.5203173993170597,0.5203173993170597,B->inf,0.015927376690049733,123.05109988238553,no
15.244218738763179,large_B_bielliptic,0.5362451091186805,0.5203028977692336,0.5203028977692336,B->inf,0.015942211349446955,123.16570891001963,no
15.248385405429845,large_B_bielliptic,0.5362454379508628,0.5202884021657003,0.5202884021657003,B->inf,0.0159570357851625,123.28023895193627,no
15.252552072096512,large_B_bielliptic,0.5362457625085882,0.5202739125023996,0.5202739125023996,B->inf,0.015971850006188615,123.3946900776074,no
15.25671873876318,large_B_bielliptic,0.5362460827967839,0.5202594287752761,0.5202594287752761,B->inf,0.015986654021507785,123.50906235642952,no
15.260885405429846,large_B_bielliptic,0.5362463988203694,0.5202449509802769,0.5202449509802769,B->inf,0.016001447840092498,123.62335585772196,no
15.265052072096513,large_B_bielliptic,0.5362467105842588,0.5202304791133542,0.5202304791133542,B->inf,0.016016231470904585,123.73757065072168,no
15.26642880493374,large_B_bielliptic,0.5362468126605759,0.5202256986809688,0.5202256986809688,B->inf,0.01602111397960715,123.77529174426567,no
15.269218738763179,large_B_bielliptic,0.5362470180933597,0.5202160131704636,0.5202160131704636,B->inf,0.016031004922896108,123.85170680459015,no
15.273385405429845,large_B_bielliptic,0.5362473213525742,0.5202015531475642,0.5202015531475642,B->inf,0.016045768205010025,123.9657643884185,no
15.277552072096512,large_B_bielliptic,0.5362476203667977,0.5201870990406197,0.5201870990406197,B->inf,0.01606052132617808,124.07974347121132,no
15.281718738763178,large_B_bielliptic,0.5362479151409196,0.5201726508455969,0.5201726508455969,B->inf,0.01607526429532269,124.193644121901,no
15.285885405429847,large_B_bielliptic,0.5362482056798233,0.5201582085584671,0.5201582085584671,B->inf,0.01608999712135628,124.30746640934282,no
15.290052072096513,large_B_bielliptic,0.5362484919883859,0.520143772175205,0.520143772175205,B->inf,0.016104719813180846,124.42121040231147,no
15.29421873876318,large_B_bielliptic,0.5362487740714788,0.5201293416917894,0.5201293416917894,B->inf,0.01611943237968938,124.53487616951212,no
15.298385405429846,large_B_bielliptic,0.5362490519339668,0.5201149171042027,0.5201149171042027,B->inf,0.016134134829764113,124.6484637795667,no
15.302552072096512,large_B_bielliptic,0.536249325580709,0.5201004984084313,0.5201004984084313,B->inf,0.016148827172277724,124.76197330102343,no
15.306718738763179,large_B_bielliptic,0.5362495950165583,0.5200860856004653,0.5200860856004653,B->inf,0.016163509416093014,124.87540480235417,no
15.310885405429845,large_B_bielliptic,0.5362498602463619,0.5200716786762989,0.5200716786762989,B->inf,0.01617818157006301,124.98875835195533,no
15.315052072096512,large_B_bielliptic,0.5362501212749601,0.5200572776319297,0.5200572776319297,B->inf,0.01619284364303042,125.10203401814348,no
15.31921873876318,large_B_bielliptic,0.5362503781071881,0.5200428824633594,0.5200428824633594,B->inf,0.01620749564382873,125.21523186916411,no
15.323385405429846,large_B_bielliptic,0.5362506307478745,0.5200284931665934,0.5200284931665934,B->inf,0.016222137581281104,125.32835197318285,no
15.327552072096513,large_B_bielliptic,0.536250879201842,0.520014109737641,0.520014109737641,B->inf,0.01623676946420105,125.44139439829071,no
15.331718738763179,large_B_bielliptic,0.5362511234739075,0.5199997321725152,0.5199997321725152,B->inf,0.016251391301392304,125.55435921250327,no
15.335885405429845,large_B_bielliptic,0.5362513635688815,0.5199853604672326,0.5199853604672326,B->inf,0.01626600310164883,125.6672464837606,no
15.340052072096512,large_B_bielliptic,0.5362515994915691,0.5199709946178143,0.5199709946178143,B->inf,0.016280604873754823,125.78005627992728,no
15.344218738763178,large_B_bielliptic,0.5362518312467686,0.5199566346202842,0.5199566346202842,B->inf,0.016295196626484376,125.89278866878983,no
15.348385405429847,large_B_bielliptic,0.536252058839273,0.5199422804706706,0.5199422804706706,B->inf,0.016309778368602368,126.00544371806366,no
15.352552072096513,large_B_bielliptic,0.5362522822738689,0.5199279321650057,0.5199279321650057,B->inf,0.01632435010886324,126.11802149538346,no
15.35671873876318,large_B_bielliptic,0.5362525015553378,0.5199135896993248,0.5199135896993248,B->inf,0.016338911856012994,126.23052206831872,no
15.360885405429846,large_B_bielliptic,0.5362527166884536,0.5198992530696674,0.5198992530696674,B->inf,0.0163534636187862,126.34294550435068,no
15.365052072096512,large_B_bielliptic,0.5362529276779862,0.519884922272077,0.519884922272077,B->inf,0.016368005405909103,126.45529187089619,no
15.369218738763179,large_B_bielliptic,0.5362531345286979,0.5198705973026005,0.5198705973026005,B->inf,0.016382537226097393,126.56756123529058,no
15.373385405429845,large_B_bielliptic,0.5362533372453464,0.5198562781572886,0.5198562781572886,B->inf,0.016397059088057775,126.6797536647998,no
15.377552072096512,large_B_bielliptic,0.5362535358326824,0.5198419648321957,0.5198419648321957,B->inf,0.016411571000486735,126.79186922661081,no
15.38171873876318,large_B_bielliptic,0.5362537302954514,0.5198276573233802,0.5198276573233802,B->inf,0.016426072972071215,126.90390798783682,no
15.383995371711325,large_B_bielliptic,0.536253834807537,0.5198198422721249,0.5198198422721249,B->inf,0.016433992535412112,126.96509263855802,no
15.385885405429846,large_B_bielliptic,0.5362539206383928,0.5198133556269037,0.5198133556269037,B->inf,0.01644056501148916,127.01587001552159,no
15.390052072096513,large_B_bielliptic,0.53625410686624,0.5197990597388322,0.5197990597388322,B->inf,0.01645504712740775,127.12775537662566,no
15.394218738763179,large_B_bielliptic,0.5362542889837205,0.5197847696552351,0.5197847696552351,B->inf,0.016469519328485394,127.2395641380418,no
15.398385405429845,large_B_bielliptic,0.5362544669955562,0.5197704853721854,0.5197704853721854,B->inf,0.016483981623370836,127.3512963665882,no
15.402552072096512,large_B_bielliptic,0.5362546409064629,0.51975620688576,0.51975620688576,B->inf,0.016498434020702946,127.46295212900665,no
15.406718738763178,large_B_bielliptic,0.5362548107211506,0.5197419341920395,0.5197419341920395,B->inf,0.016512876529111042,127.5745314919652,no
15.410885405429847,large_B_bielliptic,0.5362549764443236,0.5197276672871082,0.5197276672871082,B->inf,0.016527309157215453,127.68603452206249,no
15.415052072096513,large_B_bielliptic,0.5362551380806797,0.519713406167054,0.519713406167054,B->inf,0.016541731913625735,127.79746128581385,no
15.41921873876318,large_B_bielliptic,0.5362552956349123,0.5196991508279687,0.5196991508279687,B->inf,0.016556144806943562,127.90881184967373,no
15.423385405429846,large_B_bielliptic,0.536255449111707,0.5196849012659476,0.5196849012659476,B->inf,0.016570547845759398,128.02008628001008,no
15.427552072096512,large_B_bielliptic,0.5362555985157456,0.5196706574770896,0.5196706574770896,B->inf,0.01658494103865593,128.1312846431306,no
15.431718738763179,large_B_bielliptic,0.5362557438517023,0.5196564194574979,0.5196564194574979,B->inf,0.016599324394204418,128.24240700525482,no
15.435885405429845,large_B_bielliptic,0.536255885124247,0.5196421872032784,0.5196421872032784,B->inf,0.016613697920968673,128.35345343254474,no
15.440052072096512,large_B_bielliptic,0.5362560223380427,0.5196279607105417,0.5196279607105417,B->inf,0.016628061627500967,128.46442399107312,no
15.44421873876318,large_B_bielliptic,0.5362561554977475,0.5196137399754012,0.5196137399754012,B->inf,0.016642415522346354,128.575318746857,no
15.448385405429846,large_B_bielliptic,0.5362562846080131,0.5195995249939747,0.5195995249939747,B->inf,0.016656759614038452,128.68613776582507,no
15.452552072096513,large_B_bielliptic,0.5362564096734855,0.519585315762383,0.519585315762383,B->inf,0.016671093911102552,128.79688111384172,no
15.456718738763179,large_B_bielliptic,0.5362565306988053,0.519571112276751,0.519571112276751,B->inf,0.016685418422054288,128.90754885669668,no
15.460885405429845,large_B_bielliptic,0.5362566476886069,0.5195569145332073,0.5195569145332073,B->inf,0.016699733155399632,129.01814106010502,no
15.465052072096512,large_B_bielliptic,0.5362567606475194,0.5195427225278839,0.5195427225278839,B->inf,0.016714038119635455,129.1286577897116,no
15.469218738763178,large_B_bielliptic,0.5362568695801657,0.5195285362569163,0.5195285362569163,B->inf,0.01672833332324941,129.23909911108996,no
15.473385405429847,large_B_bielliptic,0.5362569744911637,0.5195143557164442,0.5195143557164442,B->inf,0.016742618774719498,129.34946508973908,no
15.477552072096513,large_B_bielliptic,0.5362570753851245,0.5195001809026105,0.5195001809026105,B->inf,0.01675689448251394,129.45975579108247,no
15.48171873876318,large_B_bielliptic,0.5362571722666547,0.519486011811562,0.519486011811562,B->inf,0.01677116045509275,129.5699712804801,no
15.485885405429846,large_B_bielliptic,0.5362572651403543,0.5194718484394485,0.5194718484394485,B->inf,0.01678541670090583,129.68011162321397,no
15.490052072096512,large_B_bielliptic,0.5362573540108181,0.5194576907824244,0.5194576907824244,B->inf,0.016799663228393658,129.7901768844931,no
15.494218738763179,large_B_bielliptic,0.5362574388826346,0.519443538836647,0.519443538836647,B->inf,0.016813900045987595,129.90016712945626,no
15.498385405429845,large_B_bielliptic,0.5362575197603878,0.5194293925982775,0.5194293925982775,B->inf,0.01682812716211035,130.01008242317522,no
15.5024673170683,large_B_bielliptic,0.5362575951243744,0.5194155396422191,0.5194155396422191,B->inf,0.016842055482155338,130.1176892899181,no
15.502552072096512,large_B_bielliptic,0.5362575966486546,0.5194152520634806,0.5194152520634806,B->inf,0.016842344585173974,130.1199228306395,no
15.50671873876318,large_B_bielliptic,0.5362576695520074,0.5194011172284246,0.5194011172284246,B->inf,0.01685655232358274,130.22968841677852,no
15.510885405429846,large_B_bielliptic,0.5362577384750123,0.5193869880892817,0.5193869880892817,B->inf,0.016870750385730604,130.3393792464419,no
15.515052072096513,large_B_bielliptic,0.5362578034222301,0.5193728646422273,0.5193728646422273,B->inf,0.016884938780002745,130.4489953844116,no
15.519218738763179,large_B_bielliptic,0.5362578643982157,0.5193587468834405,0.5193587468834405,B->inf,0.01689911751477513,130.5585368953983,no
15.523385405429845,large_B_bielliptic,0.5362579214075184,0.5193446348091041,0.5193446348091041,B->inf,0.01691328659841429,130.66800384403984,no
15.527552072096512,large_B_bielliptic,0.5362579744546823,0.5193305284154045,0.5193305284154045,B->inf,0.01692744603927776,130.77739629490455,no
15.531718738763178,large_B_bielliptic,0.5362580235442451,0.5193164276985315,0.5193164276985315,B->inf,0.016941595845713642,130.8867143124878,no
15.535885405429847,large_B_bielliptic,0.5362580686807401,0.5193023326546785,0.5193023326546785,B->inf,0.016955736026061596,130.9959579612199,no
15.540052072096513,large_B_bielliptic,0.5362581098686933,0.5192882432800429,0.5192882432800429,B->inf,0.016969866588650406,131.1051273054469,no
15.54421873876318,large_B_bielliptic,0.536258147112627,0.5192741595708249,0.5192741595708249,B->inf,0.01698398754180208,131.21422240946282,no
15.548385405429846,large_B_bielliptic,0.5362581804170564,0.5192600815232289,0.5192600815232289,B->inf,0.01699809889382753,131.32324333747562,no
15.552552072096512,large_B_bielliptic,0.5362582097864922,0.5192460091334627,0.5192460091334627,B->inf,0.01701220065302944,131.43219015362996,no
15.556718738763179,large_B_bielliptic,0.5362582352254385,0.5192319423977376,0.5192319423977376,B->inf,0.01702629282770085,131.54106292199583,no
15.560885405429845,large_B_bielliptic,0.5362582567383952,0.5192178813122684,0.5192178813122684,B->inf,0.017040375426126797,131.64986170658145,no
15.565052072096512,large_B_bielliptic,0.5362582743298551,0.5192038258732734,0.5192038258732734,B->inf,0.01705444845658166,131.7585865713127,no
15.56921873876318,large_B_bielliptic,0.5362582880043067,0.5191897760769748,0.5191897760769748,B->inf,0.017068511927331942,131.8672375800546,no
15.573385405429846,large_B_bielliptic,0.5362582977662327,0.5191757319195979,0.5191757319195979,B->inf,0.017082565846634812,131.97581479660002,no
15.577552072096513,large_B_bielliptic,0.5362583036201096,0.5191616933973717,0.5191616933973717,B->inf,0.017096610222737896,132.0843182846682,no
15.58171872318146,large_B_bielliptic,0.5362583055704092,0.5191476605589957,0.5191476605589957,B->inf,0.01711064501141346,132.19274770256627,no
15.581718738763179,large_B_bielliptic,0.5362583055704091,0.5191476605065287,0.5191476605065287,B->inf,0.01711064506388038,132.19274810791313,no
15.5817187543449,all_bielliptic,0.5362583055704093,0.5191476604540617,0.5191476604540617,B->inf,0.017110645116347634,132.19274851326256,no
15.581734320481916,all_bielliptic,0.536258305570382,0.5191476080395191,0.5191476080395191,B->inf,0.017110697530862917,132.19315345526155,no
15.585885405429845,all_bielliptic,0.5362583036215973,0.5191336332433052,0.5191336332433052,B->inf,0.01712467037829213,132.3011043299167,no
15.590052072096512,all_bielliptic,0.5362582977781346,0.5191196116039406,0.5191196116039406,B->inf,0.017138686174194007,132.40938701419145,no
15.594218738763178,all_bielliptic,0.536258288044476,0.5191055955846782,0.5191055955846782,B->inf,0.01715269245979778,132.5175962241794,no
15.597300457501941,all_bielliptic,0.5362582783453154,0.5190952327749856,0.5190952327749856,B->inf,0.01716304557032977,132.5975818779978,no
15.598385405429845,all_bielliptic,0.5362582744250708,0.5190915851817643,0.5190915851817643,B->inf,0.017166689243306443,132.625732023255,no
15.602552072096513,all_bielliptic,0.5362582569243632,0.5190775803914494,0.5190775803914494,B->inf,0.017180676532913886,132.7337944747223,no
15.60671873876318,all_bielliptic,0.5362582355467921,0.5190635812099867,0.5190635812099867,B->inf,0.017194654336805337,132.84178364181832,no
15.610885405429846,all_bielliptic,0.5362582102967899,0.5190495876336337,0.5190495876336337,B->inf,0.017208622663156148,132.94969958770395,no
15.615052072096512,all_bielliptic,0.5362581811787849,0.519035599658651,0.519035599658651,B->inf,0.017222581520133895,133.0575423754799,no
15.619218738763179,all_bielliptic,0.5362581481971989,0.5190216172813026,0.5190216172813026,B->inf,0.017236530915896275,133.16531206817058,no
15.621851613313172,all_bielliptic,0.5362581253664526,0.5190127848427711,0.5190127848427711,B->inf,0.01724534052368143,133.2333729892244,no
15.623385405429845,all_bielliptic,0.5362581113564489,0.5190076404978561,0.5190076404978561,B->inf,0.01725047085859277,133.27300872873695,no
15.627552072096512,all_bielliptic,0.536258070660946,0.5189936693045827,0.5189936693045827,B->inf,0.017264401356363313,133.3806324200662,no
15.63171873876318,all_bielliptic,0.5362580261150967,0.5189797036977568,0.5189797036977568,B->inf,0.017278322417339842,133.4881832049837,no
15.635885405429846,all_bielliptic,0.5362579777233007,0.5189657436736567,0.5189657436736567,B->inf,0.017292234049644084,133.595661146236,no
15.640052072096513,all_bielliptic,0.5362579254899538,0.5189517892285638,0.5189517892285638,B->inf,0.017306136261389993,133.70306630650956,no
15.644218738763179,all_bielliptic,0.5362578694194454,0.518937840358763,0.518937840358763,B->inf,0.017320029060682418,133.81039874842045,no
15.648385405429845,all_bielliptic,0.53625780951616,0.5189238970605428,0.5189238970605428,B->inf,0.017333912455617217,133.91765853451543,no
15.652552072096512,all_bielliptic,0.5362577457844764,0.518909959330195,0.518909959330195,B->inf,0.017347786454281366,134.02484572727246,no
15.656718738763178,all_bielliptic,0.536257678228768,0.5188960271640152,0.5188960271640152,B->inf,0.017361651064752848,134.13196038910013,no
15.660885405429845,all_bielliptic,0.5362576068534035,0.5188821005583021,0.5188821005583021,B->inf,0.01737550629510143,134.23900258234352,no
15.665052072096513,all_bielliptic,0.5362575316627455,0.5188681795093578,0.5188681795093578,B->inf,0.01738935215338766,134.34597236927652,no
15.66921873876318,all_bielliptic,0.5362574526611514,0.5188542640134882,0.5188542640134882,B->inf,0.017403188647663215,134.45286981210447,no
15.673385405429846,all_bielliptic,0.5362573698529733,0.5188403540670024,0.5188403540670024,B->inf,0.01741701578597099,134.5596949729648,no
15.677552072096512,all_bielliptic,0.5362572832425584,0.5188264496662128,0.5188264496662128,B->inf,0.01743083357634556,134.66644791393074,no
15.681718738763179,all_bielliptic,0.5362571928342477,0.5188125508074356,0.5188125508074356,B->inf,0.017444642026812063,134.77312869700256,no
15.685885405429845,all_bielliptic,0.5362570986323778,0.5187986574869903,0.5187986574869903,B->inf,0.017458441145387527,134.87973738411793,no
15.690052072096512,all_bielliptic,0.5362570006412792,0.5187847697011994,0.5187847697011994,B->inf,0.01747223094007988,134.9862740371442,no
15.69421873876318,all_bielliptic,0.5362568988652779,0.5187708874463893,0.5187708874463893,B->inf,0.017486011418888614,135.0927387178835,no
15.698385405429846,all_bielliptic,0.5362567933086937,0.5187570107188899,0.5187570107188899,B->inf,0.01749978258980378,135.19913148806506,no
15.702552072096513,all_bielliptic,0.5362566839758418,0.5187431395150339,0.5187431395150339,B->inf,0.017513544460807884,135.3054524093598,no
15.706718738763179,all_bielliptic,0.5362565708710318,0.5187292738311582,0.5187292738311582,B->inf,0.017527297039873657,135.41170154336314,no
15.710885405429845,all_bielliptic,0.5362564539985682,0.5187154136636023,0.5187154136636023,B->inf,0.01754104033496595,135.51787895160965,no
15.715052072096512,all_bielliptic,0.5362563333627501,0.5187015590087097,0.5187015590087097,B->inf,0.017554774354040403,135.6239846955626,no
15.719218738763178,all_bielliptic,0.5362562089678713,0.5186877098628272,0.5186877098628272,B->inf,0.0175684991050441,135.73001883661934,no
15.723385405429845,all_bielliptic,0.5362560808182205,0.5186738662223045,0.5186738662223045,B->inf,0.017582214595916024,135.83598143611457,no
15.727552072096513,all_bielliptic,0.5362559489180811,0.5186600280834954,0.5186600280834954,B->inf,0.01759592083458572,135.94187255530997,no
15.73171873876318,all_bielliptic,0.5362558132717313,0.5186461954427565,0.5186461954427565,B->inf,0.017609617828974855,136.04769225540656,no
15.735885405429846,all_bielliptic,0.5362556738834439,0.5186323682964481,0.5186323682964481,B->inf,0.017623305586995763,136.15344059753303,no
15.740052072096512,all_bielliptic,0.5362555307574866,0.5186185466409338,0.5186185466409338,B->inf,0.01763698411655279,136.2591176427565,no
15.742155286448083,all_bielliptic,0.5362554570934394,0.5186115719480734,0.5186115719480734,B->inf,0.017643885145365967,136.31243333951605,no
15.744218738763179,all_bielliptic,0.5362553838981219,0.5186047304725805,0.5186047304725805,B->inf,0.017650653425541396,136.36472345207542,no
15.748385405429845,all_bielliptic,0.5362552333096071,0.5185909197877586,0.5185909197877586,B->inf,0.017664313521848496,136.4702580864222,no
15.752552072096512,all_bielliptic,0.5362550789961941,0.5185771145828416,0.5185771145828416,B->inf,0.017677964413352454,136.57572160666322,no
15.75671873876318,all_bielliptic,0.53625492096213,0.5185633148542068,0.5185633148542068,B->inf,0.017691606107923197,136.68111407359962,no
15.760885405429846,all_bielliptic,0.5362547592116564,0.5185495205982342,0.5185495205982342,B->inf,0.017705238613422214,136.7864355479674,no
15.765052072096513,all_bielliptic,0.5362545937490097,0.518535731811308,0.518535731811308,B->inf,0.01771886193770178,136.8916860904313,no
15.769218738763179,all_bielliptic,0.5362544245784214,0.5185219484898148,0.5185219484898148,B->inf,0.01773247608860662,136.99686576159786,no
15.773385405429845,all_bielliptic,0.5362542517041178,0.5185081706301454,0.5185081706301454,B->inf,0.017746081073972353,137.10197462200315,no
15.777552072096512,all_bielliptic,0.5362540751303195,0.5184943982286933,0.5184943982286933,B->inf,0.017759676901626276,137.20701273211904,no
15.781718738763178,all_bielliptic,0.5362538948612426,0.5184806312818558,0.5184806312818558,B->inf,0.0177732635793868,137.3119801523487,no
15.785885405429845,all_bielliptic,0.536253710901098,0.5184668697860331,0.5184668697860331,B->inf,0.0177868411150649,137.41687694303778,no
15.790052072096513,all_bielliptic,0.5362535232540908,0.518453113737629,0.518453113737629,B->inf,0.01780040951646178,137.5217031644566,no
15.79421873876318,all_bielliptic,0.5362533319244221,0.5184393631330507,0.5184393631330507,B->inf,0.017813968791371426,137.62645887681953,no
15.798385405429846,all_bielliptic,0.5362531369162865,0.5184256179687083,0.5184256179687083,B->inf,0.01782751894757817,137.73114414026657,no
15.802552072096512,all_bielliptic,0.5362529382338752,0.5184118782410159,0.5184118782410159,B->inf,0.017841059992859343,137.83575901488345,no
15.806718738763179,all_bielliptic,0.5362527358813722,0.51839814394639,0.51839814394639,B->inf,0.017854591934982178,137.940303560678,no
15.810885405429845,all_bielliptic,0.5362525298629582,0.5183844150812514,0.5183844150812514,B->inf,0.0178681147817068,138.04477783760305,no
15.815052072096512,all_bielliptic,0.5362523201828081,0.5183706916420234,0.5183706916420234,B->inf,0.017881628540784678,138.14918190554457,no
15.81921873876318,all_bielliptic,0.5362521068450915,0.5183569736251329,0.5183569736251329,B->inf,0.017895133219958614,138.25351582432165,no
15.823385405429846,all_bielliptic,0.5362518898539735,0.5183432610270102,0.5183432610270102,B->inf,0.017908628826963313,138.35777965369076,no
15.827552072096513,all_bielliptic,0.5362516692136136,0.5183295538440887,0.5183295538440887,B->inf,0.017922115369524816,138.46197345334141,no
15.831718738763179,all_bielliptic,0.5362514449281663,0.5183158520728054,0.5183158520728054,B->inf,0.01793559285536095,138.5660972828997,no
15.835885405429845,all_bielliptic,0.5362512170017816,0.5183021557095999,0.5183021557095999,B->inf,0.017949061292181656,138.6701512019308,no
15.840052072096512,all_bielliptic,0.5362509854386036,0.5182884647509161,0.5182884647509161,B->inf,0.017962520687687555,138.77413526992788,no
15.844218738763178,all_bielliptic,0.5362507502427719,0.5182747791932001,0.5182747791932001,B->inf,0.017975971049571826,138.87804954632654,no
15.848385405429845,all_bielliptic,0.536250511418421,0.518261099032902,0.518261099032902,B->inf,0.017989412385518988,138.9818940904956,no
15.852552072096513,all_bielliptic,0.5362502689696803,0.5182474242664749,0.5182474242664749,B->inf,0.018002844703205456,139.08566896174116,no
15.85671873876318,all_bielliptic,0.5362500229006745,0.5182337548903753,0.5182337548903753,B->inf,0.018016268010299208,139.1893742193042,no
15.860885405429846,all_bielliptic,0.5362497732155223,0.5182200909010626,0.5182200909010626,B->inf,0.018029682314459672,139.29300992235963,no
15.86338541658233,all_bielliptic,0.5362496216697139,0.5182118950551042,0.5182118950551042,B->inf,0.018037726614609673,139.35515825981057,no
15.865052072096512,all_bielliptic,0.5362495199183388,0.518206432295,0.518206432295,B->inf,0.018043087623338838,139.39657613002487,no
15.869218738763179,all_bielliptic,0.536249263013233,0.5181927790686535,0.5181927790686535,B->inf,0.018056483944579482,139.50007290134621,no
15.873385405429845,all_bielliptic,0.5362490025043096,0.5181791312184927,0.5181791312184927,B->inf,0.01806987128581694,139.60350029531247,no
15.877552072096512,all_bielliptic,0.5362487383956674,0.5181654887409899,0.5181654887409899,B->inf,0.018083249654677558,139.70685837084284,no
15.88171873876318,all_bielliptic,0.5362484706914017,0.5181518516326213,0.5181518516326213,B->inf,0.01809661905878035,139.8101471868001,no
15.885885405429846,all_bielliptic,0.5362481993956014,0.5181382198898661,0.5181382198898661,B->inf,0.01810997950573534,139.91336680197747,no
15.890052072096513,all_bielliptic,0.536247924512351,0.5181245935092064,0.5181245935092064,B->inf,0.01812333100314467,140.01651727510725,no
15.894218738763179,all_bielliptic,0.5362476460457304,0.5181109724871278,0.5181109724871278,B->inf,0.0181366735586026,140.1195986648609,no
15.898385405429845,all_bielliptic,0.5362473639998137,0.5180973568201194,0.5180973568201194,B->inf,0.018150007179694283,140.22261102983947,no
15.902552072096512,all_bielliptic,0.5362470783786708,0.5180837465046728,0.5180837465046728,B->inf,0.01816333187399799,140.32555442859086,no
15.906718738763178,all_bielliptic,0.5362467891863665,0.5180701415372837,0.5180701415372837,B->inf,0.018176647649082778,140.42842891959185,no
15.910885405429845,all_bielliptic,0.5362464964269604,0.5180565419144503,0.5180565419144503,B->inf,0.018189954512510154,140.53123456126076,no
15.915052072096513,all_bielliptic,0.5362462001045074,0.5180429476326741,0.5180429476326741,B->inf,0.018203252471833298,140.6339714119517,no
15.91921873876318,all_bielliptic,0.5362459002230577,0.5180293586884605,0.5180293586884605,B->inf,0.018216541534597286,140.73663952995614,no
15.923385405429846,all_bielliptic,0.5362455967866561,0.5180157750783171,0.5180157750783171,B->inf,0.018229821708338978,140.83923897350198,no
15.927552072096512,all_bielliptic,0.5362452897993427,0.5180021967987553,0.5180021967987553,B->inf,0.018243093000587463,140.94176980075724,no
15.931718738763179,all_bielliptic,0.5362449792651527,0.5179886238462897,0.5179886238462897,B->inf,0.018256355418862946,141.04423206982116,no
15.935885405429845,all_bielliptic,0.5362446651881169,0.5179750562174379,0.5179750562174379,B->inf,0.018269608970678974,141.14662583874167,no
15.940052072096512,all_bielliptic,0.53624434757226,0.5179614939087206,0.5179614939087206,B->inf,0.018282853663539433,141.24895116549192,no
15.94421873876318,all_bielliptic,0.5362440264216033,0.517947936916662,0.517947936916662,B->inf,0.018296089504941326,141.35120810799202,no
15.948385405429846,all_bielliptic,0.5362437017401622,0.5179343852377892,0.5179343852377892,B->inf,0.018309316502372996,141.45339672409506,no
15.952552072096513,all_bielliptic,0.5362433735319476,0.5179208388686327,0.5179208388686327,B->inf,0.018322534663314904,141.55551707159336,no
15.956718738763179,all_bielliptic,0.5362430418009656,0.517907297805726,0.517907297805726,B->inf,0.01833574399523963,141.65756920821823,no
15.960885405429845,all_bielliptic,0.5362427065512173,0.5178937620456057,0.5178937620456057,B->inf,0.018348944505611642,141.75955319163845,no
15.965052072096512,all_bielliptic,0.536242367786699,0.5178802315848118,0.5178802315848118,B->inf,0.018362136201887203,141.86146907945917,no
15.969218738763178,all_bielliptic,0.5362420255114023,0.5178667064198873,0.5178667064198873,B->inf,0.01837531909151502,141.9633169292275,no
15.973385405429845,all_bielliptic,0.5362416797293137,0.5178531865473784,0.5178531865473784,B->inf,0.01838849318193525,142.06509679842412,no
15.977552072096513,all_bielliptic,0.5362413304444152,0.5178396719638345,0.5178396719638345,B->inf,0.01840165848058073,142.1668087444735,no
15.98171873876318,all_bielliptic,0.536240977660684,0.517826162665808,0.517826162665808,B->inf,0.01841481499487596,142.26845282473553,no
15.985549138349032,all_bielliptic,0.5362406502647841,0.5178137482834411,0.5178137482834411,B->inf,0.018426901981343002,142.36183398900232,no
15.985885405429846,all_bielliptic,0.5362406213820918,0.5178126586498547,0.5178126586498547,B->inf,0.018427962732237124,142.3700290965058,no
15.990052072096512,all_bielliptic,0.5362402616126066,0.5177991599125333,0.5177991599125333,B->inf,0.018441101700073292,142.47153761702504,no
15.994218738763179,all_bielliptic,0.5362398983561906,0.5177856664504057,0.5177856664504057,B->inf,0.01845423190578488,142.5729784434671,no
15.998385405429845,all_bielliptic,0.536239531616802,0.517772178260037,0.517772178260037,B->inf,0.01846735335676508,142.67435163295005,no
16.002552072096513,all_bielliptic,0.5362391613983934,0.5177586953379952,0.5177586953379952,B->inf,0.018480466060398215,142.77565724252332,no
16.00671873876318,all_bielliptic,0.5362387877049137,0.5177452176808519,0.5177452176808519,B->inf,0.018493570024061823,142.87689532918407,no
16.010885405429846,all_bielliptic,0.5362384105403062,0.5177317452851815,0.5177317452851815,B->inf,0.018506665255124677,142.97806594986167,no
16.015052072096513,all_bielliptic,0.5362380299085094,0.5177182781475614,0.5177182781475614,B->inf,0.018519751760948,143.07916916142716,no
16.01921873876318,all_bielliptic,0.5362376458134576,0.5177048162645723,0.5177048162645723,B->inf,0.018532829548885243,143.18020502069152,no
16.023385405429845,all_bielliptic,0.5362372582590801,0.5176913596327981,0.5176913596327981,B->inf,0.018545898626281976,143.28117358440488,no
16.027552072096512,all_bielliptic,0.5362368672493012,0.5176779082488258,0.5176779082488258,B->inf,0.01855895900047544,143.382074909253,no
16.03171873876318,all_bielliptic,0.5362364727880409,0.517664462109245,0.517664462109245,B->inf,0.01857201067879588,143.48290905186764,no
16.035885405429845,all_bielliptic,0.5362360748792143,0.5176510212106491,0.5176510212106491,B->inf,0.01858505366856522,143.58367606881617,no
16.04005207209651,all_bielliptic,0.5362356735267315,0.5176375855496343,0.5176375855496343,B->inf,0.018598087977097166,143.68437601660258,no
16.044218738763178,all_bielliptic,0.5362352687344984,0.5176241551227998,0.5176241551227998,B->inf,0.01861111361169865,143.78500895167844,no
16.048385405429844,all_bielliptic,0.536234860506416,0.5176107299267482,0.5176107299267482,B->inf,0.01862413057966783,143.8855749304276,no
16.052552072096514,all_bielliptic,0.5362344488463802,0.5175973099580845,0.5175973099580845,B->inf,0.018637138888295657,143.98607400917817,no
16.05671873876318,all_bielliptic,0.5362340337582827,0.5175838952134176,0.5175838952134176,B->inf,0.01865013854486508,144.08650624419653,no
16.060885405429847,all_bielliptic,0.5362336152460104,0.5175704856893591,0.5175704856893591,B->inf,0.01866312955665128,144.18687169168896,no
16.065052072096513,all_bielliptic,0.5362331933134455,0.5175570813825238,0.5175570813825238,B->inf,0.01867611193092178,144.28717040780253,no
16.06921873876318,all_bielliptic,0.5362327679644656,0.5175436822895293,0.5175436822895293,B->inf,0.018689085674936323,144.38740244862439,no
16.073385405429846,all_bielliptic,0.5362323392029431,0.5175302884069966,0.5175302884069966,B->inf,0.018702050795946557,144.48756787017896,no
16.077552072096513,all_bielliptic,0.5362319070327466,0.5175168997315494,0.5175168997315494,B->inf,0.01871500730119724,144.58766672843757,no
16.08171873876318,all_bielliptic,0.5362314714577396,0.5175035162598149,0.5175035162598149,B->inf,0.018727955197924695,144.68769907930627,no
16.10865364132505,all_bielliptic,0.5362285738537135,0.5174171257751744,0.5174171257751744,B->inf,0.018811448078539073,145.33274508982512,no
16.232706170454048,all_bielliptic,0.5362134232175606,0.5170220216948206,0.5170220216948206,B->inf,0.019191401522740015,148.26817445291888,no
16.35771402647292,all_bielliptic,0.536195228943827,0.5166284302292368,0.5166284302292368,B->inf,0.019566798714590217,151.16840330094908,no
16.48368456634145,all_bielliptic,0.5361740214269163,0.5162363455875348,0.5162363455875348,B->inf,0.01993767583938144,154.03371119281852,no
16.610625203675255,all_bielliptic,0.5361498308686021,0.515845762000997,0.515845762000997,B->inf,0.020304068867605163,156.86437602793433,no
16.738543409182114,all_bielliptic,0.536122687278507,0.5154566737229898,0.5154566737229898,B->inf,0.020666013555517226,159.6606740505704,no
16.867446711101618,all_bielliptic,0.5360926204745888,0.5150690750288806,0.5150690750288806,B->inf,0.02102354544570828,162.42287985427456,no
16.99734269564826,all_bielliptic,0.5360596600836388,0.5146829602159527,0.5146829602159527,B->inf,0.02137669986768609,165.15126638636715,no
17.128239007457847,all_bielliptic,0.5360238355417863,0.514298323603322,0.514298323603322,B->inf,0.021725511938464392,167.84610495249066,no
17.260143350037428,all_bielliptic,0.5359851760950142,0.5139151595318524,0.5139151595318524,B->inf,0.022070016563161765,170.5076652212362,no
17.39306348621865,all_bielliptic,0.5359437107996816,0.5135334623640739,0.5135334623640739,B->inf,0.022410248435607683,173.13621522882588,no
17.527007238614658,all_bielliptic,0.5358994685230561,0.5131532264840988,0.5131532264840988,B->inf,0.022746242038957365,175.7320213838629,no
17.661982490080405,all_bielliptic,0.5358524779438538,0.5127744462975388,0.5127744462975388,B->inf,0.023078031646315056,178.29534847214697,no
17.7979971841766,all_bielliptic,0.5358027675527871,0.5123971162314236,0.5123971162314236,B->inf,0.02340565132136352,180.8264596615375,no
17.935059325637255,all_bielliptic,0.5357503656531215,0.5120212307341183,0.5120212307341183,B->inf,0.023729134919003192,183.32561650689172,no
18.07317698084068,all_bielliptic,0.5356953003612384,0.511646784275242,0.511646784275242,B->inf,0.02404851608599634,185.79307895504107,no
18.212358278284288,all_bielliptic,0.5356375996072075,0.5112737713455858,0.5112737713455858,B->inf,0.024363828261621645,188.22910534984848,no
18.352611409062924,all_bielliptic,0.5355772911353649,0.510902186457033,0.510902186457033,B->inf,0.024675104678331894,190.63395243728962,no
18.493944627350974,all_bielliptic,0.5355144025048995,0.5105320241424768,0.5105320241424768,B->inf,0.024982378362422675,193.0078753706189,no
18.636366250888088,all_bielliptic,0.5354489610904456,0.510163278955741,0.510163278955741,B->inf,0.025285682134704612,195.3511277155631,no
18.779884661468728,all_bielliptic,0.535380994082683,0.5097959454714998,0.5097959454714998,B->inf,0.02558504861118327,197.66396145557422,no
18.924508305435435,all_bielliptic,0.5353105284889438,0.5094300182851972,0.5094300182851972,B->inf,0.0258805102037466,199.94662699714024,no
19.070245694175945,all_bielliptic,0.5352375911338243,0.5090654920129682,0.5090654920129682,B->inf,0.02617209912085605,202.19937317512495,no
19.217105404624057,all_bielliptic,0.5351622086598066,0.5087023612915595,0.5087023612915595,B->inf,0.026459847368247025,204.42244725817895,no
19.365096079764427,all_bielliptic,0.5350844075278816,0.5083406207782503,0.5083406207782503,B->inf,0.026743786749631293,206.6160949541668,no
19.51422642914124,all_bielliptic,0.5350042140181828,0.5079802651507737,0.5079802651507737,B->inf,0.02702394886740911,208.78056041566842,no
19.66450522937074,all_bielliptic,0.5349216542306225,0.5076212891072387,0.5076212891072387,B->inf,0.027300365123383852,210.91608624550028,no
19.815941324657796,all_bielliptic,0.5348367540855363,0.5072636873660522,0.5072636873660522,B->inf,0.02757306671948412,213.02291350229416,no
19.968543627316365,all_bielliptic,0.5347495393243303,0.506907454665841,0.506907454665841,B->inf,0.027842084658489363,215.10128170610315,no
20.12232111829404,all_bielliptic,0.5346600355101366,0.5065525857653742,0.5065525857653742,B->inf,0.028107449744762425,217.15142884406114,no
20.277282847700555,all_bielliptic,0.5345682680284725,0.506199075443487,0.506199075443487,B->inf,0.028369192584985492,219.17359137606863,no
20.433437935340418,all_bielliptic,0.5344742620879043,0.5058469184990029,0.5058469184990029,B->inf,0.0286273435889014,221.16800424051976,no
20.590795571249632,all_bielliptic,0.5343780427207179,0.5054961097506575,0.5054961097506575,B->inf,0.028881932970060364,223.13490086007153,no
20.74936501623657,all_bielliptic,0.5342796347835925,0.5051466440370227,0.5051466440370227,B->inf,0.02913299074656983,225.07451314743682,no
20.90915560242694,all_bielliptic,0.5341790629582798,0.50479851621643,0.50479851621643,B->inf,0.029380546741849756,226.9870715112196,no
21.07017673381302,all_bielliptic,0.5340763517522872,0.5044517211668954,0.5044517211668954,B->inf,0.029624630585391776,228.87280486178003,no
21.232437886807155,all_bielliptic,0.5339715254995664,0.504106253786044,0.504106253786044,B->inf,0.02986527171352238,230.73194061713062,no
21.395948610799365,all_bielliptic,0.5338646083612042,0.5037621089910347,0.5037621089910347,B->inf,0.03010249937016951,232.56470470885873,no
21.560718528719423,all_bielliptic,0.5337556243261207,0.5034192817184854,0.5034192817184854,B->inf,0.03033634260763529,234.37132158809652,no
21.72675733760314,all_bielliptic,0.5336445972117675,0.5030777669243989,0.5030777669243989,B->inf,0.030566830287368618,236.15201423148977,no
21.894074809163104,all_bielliptic,0.5335315506648328,0.5027375595840881,0.5027375595840881,B->inf,0.030793991080744765,237.907004147221,no
22.062680790363704,all_bielliptic,0.5334165081619493,0.5023986546921025,0.5023986546921025,B->inf,0.031017853469846757,239.63651138104615,no
22.232585204000678,all_bielliptic,0.5332994930104042,0.5020610472621548,0.5020610472621548,B->inf,0.03123844574824941,241.34075452235174,no
22.403798049285072,all_bielliptic,0.533180528348856,0.5017247323270468,0.5017247323270468,B->inf,0.031455796021809146,243.019950710257,no
22.576329402431764,all_bielliptic,0.5330596371480504,0.5013897049385967,0.5013897049385967,B->inf,0.03166993220945369,244.6743156397148,no
22.750189417252386,all_bielliptic,0.532936842211543,0.5010559601675665,0.5010559601675665,B->inf,0.031880882043976544,246.30406356764954,no
22.925388325752962,all_bielliptic,0.5328121661764231,0.5007234931035889,0.5007234931035889,B->inf,0.03208867307283425,247.90940731911658,no
23.10193643873604,all_bielliptic,0.5326856315140407,0.5003922988550961,0.5003922988550961,B->inf,0.03229333265894463,249.49055829346935,no
23.27984414640756,all_bielliptic,0.5325572605307369,0.5000623725492463,0.5000623725492463,B->inf,0.03249488798149058,251.04772647056927,no
23.459121918988263,all_bielliptic,0.5324270753685767,0.4997337093318536,0.4997337093318536,B->inf,0.03269336603672307,252.5811204169894,no
23.63978030732993,all_bielliptic,0.5322950980060839,0.4994063043673155,0.4994063043673155,B->inf,0.0328887936387684,254.09094729225112,no
23.821829943536333,all_bielliptic,0.5321613502589791,0.4990801528385421,0.4990801528385421,B->inf,0.033081197420437025,255.57741285507325,no
24.005281541588914,all_bielliptic,0.5320258537809209,0.49875524994688536,0.49875524994688536,B->inf,0.03327060383403557,257.040721469645,no
24.190145897977352,all_bielliptic,0.5318886300642465,0.4984315909120683,0.4984315909120683,B->inf,0.03345703915217818,258.4810761118946,no
24.376433892334934,all_bielliptic,0.5317497004407172,0.4981091709721146,0.4981091709721146,B->inf,0.03364052946860263,259.89867837579413,no
24.5641564880789,all_bielliptic,0.5316090860822655,0.4977879853832789,0.4977879853832789,B->inf,0.03382110069898664,261.29372847966647,no
24.75332473305558,all_bielliptic,0.5314668080017428,0.49746802941997653,0.49746802941997653,B->inf,0.03399877858176631,262.6664252725081,no
24.943949760190648,all_bielliptic,0.5313228870536699,0.49714929837471455,0.49714929837471455,B->inf,0.03417358867895537,264.0169662403185,no
25.136042788144266,all_bielliptic,0.5311773439349894,0.496831787558022,0.496831787558022,B->inf,0.0343455563769674,265.3455475124524,no
25.329615121971386,all_bielliptic,0.5310301991858184,0.49651549229838077,0.49651549229838077,B->inf,0.03451470688743763,266.65236386796886,no
25.524678153787015,all_bielliptic,0.5308814731902053,0.49620040794215764,0.49620040794215764,B->inf,0.03468106524804765,267.9376087420028,no
25.721243363436674,all_bielliptic,0.5307311861768844,0.4958865298535352,0.4958865298535352,B->inf,0.03484465632334921,269.2014742321293,no
25.919322319172068,all_bielliptic,0.5305793582200353,0.49557385341444354,0.49557385341444354,B->inf,0.03500550480559178,270.4441511047574,no
26.118926678331817,all_bielliptic,0.5304260092400412,0.49526237402449286,0.49526237402449286,B->inf,0.03516363521554838,271.6658288015101,no
26.320068188027562,all_bielliptic,0.5302711590042498,0.4949520871009054,0.4949520871009054,B->inf,0.035319071903344434,272.8666954456278,no
26.522758685835285,all_bielliptic,0.5301148271277332,0.49464298807844803,0.49464298807844803,B->inf,0.03547183904928514,274.0469378483607,no
26.72701010049202,all_bielliptic,0.5299570330740516,0.494335072409365,0.494335072409365,B->inf,0.03562196066468665,275.20674151539,no
26.932834452597813,all_bielliptic,0.5297977961560154,0.49402833556331144,0.49402833556331144,B->inf,0.03576946059270397,276.34629065322406,no
27.140243855323206,all_bielliptic,0.5296371355364491,0.49372277302728634,0.49372277302728634,B->inf,0.035914362509162745,277.46576817562465,no
27.349250515122087,all_bielliptic,0.5294750702289562,0.4934183803055662,0.4934183803055662,B->inf,0.03605668992339006,278.5653557100256,no
27.55986673245013,all_bielliptic,0.5293116190986833,0.4931151529196387,0.4931151529196387,B->inf,0.036196466179044595,279.6452336039463,no
27.772104902488614,all_bielliptic,0.5291468008630869,0.4928130864081377,0.4928130864081377,B->inf,0.03633371445494915,280.70558093142347,no
27.98597751587395,all_bielliptic,0.5289806340926979,0.4925121763267762,0.4925121763267762,B->inf,0.036468457765921725,281.7465754994321,no
28.20149715943281,all_bielliptic,0.5288131372118892,0.4922124182482821,0.4922124182482821,B->inf,0.03660071896360706,282.7683938543097,no
28.41867651692281,all_bielliptic,0.5286443284996409,0.4919138077623326,0.4919138077623326,B->inf,0.036730520737308314,283.7712112881814,no
28.63752836977904,all_bielliptic,0.528474226090309,0.4916163404754893,0.4916163404754893,B->inf,0.03685788561481973,284.7552018453933,no
28.858065597866222,all_bielliptic,0.5283028479743894,0.4913200120111335,0.4913200120111335,B->inf,0.03698283596325591,285.7205383289188,no
29.080301180236805,all_bielliptic,0.5281302119992871,0.4910248180094023,0.4910248180094023,B->inf,0.03710539398988483,286.6673923067948,no
29.3042481958947,all_bielliptic,0.5279563358700822,0.49073075412712364,0.49073075412712364,B->inf,0.037225581742958536,287.59593411853905,no
29.52991982456507,all_bielliptic,0.5277812371502962,0.4904378160377531,0.4904378160377531,B->inf,0.03734342111254313,288.50633288156257,no
29.75732934746995,all_bielliptic,0.5276049332626588,0.49014599943131,0.49014599943131,B->inf,0.037458933831348795,289.39875649758227,no
29.986490148109933,all_bielliptic,0.5274274414898737,0.4898553000143139,0.4898553000143139,B->inf,0.03757214147555987,290.2733716590338,no
30.21741571305174,all_bielliptic,0.527248778975385,0.4895657135097214,0.4895657135097214,B->inf,0.037683065465663634,291.13034385547456,no
30.450119632721954,all_bielliptic,0.5270689627241423,0.48927723565686343,0.48927723565686343,B->inf,0.037791727067278846,291.9698373799848,no
30.684615602206904,all_bielliptic,0.5268880096033656,0.4889898622113825,0.4889898622113825,B->inf,0.03789814739198305,292.79201533555954,no
30.920917422058547,all_bielliptic,0.5267059363433098,0.4887035889451701,0.4887035889451701,B->inf,0.03800234739813968,293.5970396414978,no
31.159038999106734,all_bielliptic,0.5265227595380282,0.4884184116463047,0.4884184116463047,B->inf,0.03810434789172351,294.38507103978054,no
31.398994347277604,all_bielliptic,0.5263384956461364,0.4881343261189895,0.4881343261189895,B->inf,0.03820416952714695,295.1562691014542,no
31.640797588418405,all_bielliptic,0.5261531609915739,0.4878513281834911,0.4878513281834911,B->inf,0.03830183280808286,295.9107922329875,no
31.884462953128498,all_bielliptic,0.5259667717643659,0.4875694136760775,0.4875694136760775,B->inf,0.038397358088288425,296.6487976826364,no
32.130004781596924,all_bielliptic,0.5257793440213844,0.4872885784489572,0.4872885784489572,B->inf,0.0384907655724272,297.37044154679535,no
32.3774375244463,all_bielliptic,0.5255908936871074,0.4870088183702184,0.4870088183702184,B->inf,0.03858207531688901,298.0758787763314,no
32.626775743583366,all_bielliptic,0.5254014365543784,0.48673012932376747,0.48673012932376747,B->inf,0.03867130723061096,298.76526318292713,no
32.87803411305585,all_bielliptic,0.5252109882851639,0.48645250720926897,0.48645250720926897,B->inf,0.03875848107589491,299.4387474453963,no
33.131227419916115,all_bielliptic,0.5250195644113103,0.4861759479420853,0.4861759479420853,B->inf,0.03884361646922496,300.0964831159996,no
33.386370565091504,all_bielliptic,0.524827180335299,0.48590044745321614,0.48590044745321614,B->inf,0.038926732882082815,300.7386206267441,no
33.64347856426113,all_bielliptic,0.5246338513310014,0.4856260016892394,0.4856260016892394,B->inf,0.03900784964176196,301.3653092956728,no
33.90256654873968,all_bielliptic,0.5244395925444324,0.48535260661225055,0.48535260661225055,B->inf,0.03908698593218185,301.97669733315564,no
34.16364976636786,all_bielliptic,0.5242444189945011,0.48508025819980427,0.48508025819980427,B->inf,0.03916416079469687,302.5729318481387,no
34.42674358240988,all_bielliptic,0.5240483455737626,0.4848089524448543,0.4848089524448543,B->inf,0.039239393128908284,303.15415885441763,no
34.69186348045756,all_bielliptic,0.5238513870491659,0.4845386853556953,0.4845386853556953,B->inf,0.03931270169347062,303.720523276867,no
34.9590250633417,all_bielliptic,0.5236535580628028,0.4842694529559034,0.4842694529559034,B->inf,0.03938410510689938,304.27216895768123,no
35.228244054050265,all_bielliptic,0.5234548731326534,0.4840012512842785,0.4840012512842785,B->inf,0.039453621848374865,304.8092386625838,no
35.499536296653794,all_bielliptic,0.5232553466533307,0.4837340763947851,0.4837340763947851,B->inf,0.03952127025854563,305.33187408703554,no
35.77291775723776,all_bielliptic,0.5230549928968244,0.483467924356495,0.483467924356495,B->inf,0.03958706854032945,305.84021586242216,no
36.04840452484224,all_bielliptic,0.5228538260132414,0.483202791253529,0.483202791253529,B->inf,0.03965103475971238,306.33440356222735,no
36.326012812408855,all_bielliptic,0.5226518600315466,0.48293867318499945,0.48293867318499945,B->inf,0.03971318684654718,306.81457570820197,no
36.60575895773482,all_bielliptic,0.5224491088602998,0.48267556626495284,0.48267556626495284,B->inf,0.03977354259534699,307.2808697764952,no
36.88765942443453,all_bielliptic,0.5222455862883935,0.4824134666223127,0.4824134666223127,B->inf,0.039832119666080745,307.7334222037998,no
37.17173080290844,all_bielliptic,0.522041305985786,0.48215237040082254,0.48215237040082254,B->inf,0.03988893558496348,308.1723683934581,no
37.45798981131952,all_bielliptic,0.521836281504235,0.4818922737589891,0.4818922737589891,B->inf,0.039944007745245924,308.59784272156185,no
37.746453296577016,all_bielliptic,0.5216305262780285,0.48163317287002577,0.48163317287002577,B->inf,0.039997353408002756,309.0099785430423,no
38.037138235328044,all_bielliptic,0.521424053624713,0.4813750639217967,0.4813750639217967,B->inf,0.040048989702916316,309.4089081977251,no
38.330061734956615,all_bielliptic,0.5212168767458212,0.48111794311676015,0.48111794311676015,B->inf,0.04009893362906103,309.79476301639033,no
38.62524103459056,all_bielliptic,0.5210090087275965,0.48086180667191303,0.48086180667191303,B->inf,0.04014720205568345,310.16767332679893,no
38.92269350611592,all_bielliptic,0.5208004625417165,0.4806066508187348,0.4806066508187348,B->inf,0.0401938117229817,310.5277684597146,no
39.22243665519945,all_bielliptic,0.5205912510460134,0.4803524718031328,0.4803524718031328,B->inf,0.04023877924288066,310.8751767548928,no
39.524488122318765,all_bielliptic,0.5203813869851937,0.4800992658853861,0.4800992658853861,B->inf,0.040282121099807555,311.2100255670723,no
39.82886568380065,all_bielliptic,0.5201708829915533,0.4798470293400909,0.4798470293400909,B->inf,0.04032385365146246,311.53244127192863,no
40.13558725286707,all_bielliptic,0.5199597515856943,0.479595758456106,0.479595758456106,B->inf,0.04036399312958827,311.84254927202204,no
40.444670880689486,all_bielliptic,0.5197480051772355,0.4793454495364978,0.4793454495364978,B->inf,0.04040255564073769,312.1404740027234,no
40.75613475745124,all_bielliptic,0.5195356560655238,0.47909609889848603,0.47909609889848603,B->inf,0.04043955716703773,312.4263389381206,no
41.069997213418006,all_bielliptic,0.5193227164403417,0.4788477028733893,0.4788477028733893,B->inf,0.04047501356695238,312.7002665969103,no
41.38627672001657,all_bielliptic,0.5191091983826126,0.4786002578065718,0.4786002578065718,B->inf,0.04050894057604082,312.9623785482563,no
41.704991890921946,all_bielliptic,0.5188951138651056,0.4783537600573889,0.4783537600573889,B->inf,0.040541353807716674,313.21279541765506,no
42.026161483152855,all_bielliptic,0.5186804747531344,0.4781082059991339,0.4781082059991339,B->inf,0.040572268754000496,313.4516368927491,no
42.349804398175515,all_bielliptic,0.5184652928052583,0.47786359201898426,0.47786359201898426,B->inf,0.040601700786274064,313.67902172915456,no
42.67593968301612,all_bielliptic,0.5182495796739773,0.4776199145179492,0.4776199145179492,B->inf,0.040629665156028116,313.89506775623846,no
43.00458653138171,all_bielliptic,0.518033346906426,0.4773771699108161,0.4773771699108161,B->inf,0.040656176995609916,314.09989188289353,no
43.33576428478991,all_bielliptic,0.5178166059450657,0.4771353546260977,0.4771353546260977,B->inf,0.04068125131896805,314.2936101032928,no
43.66949243370703,all_bielliptic,0.5175993681283731,0.47689446510598027,0.47689446510598027,B->inf,0.04070490302239288,314.47633750260997,no
44.0057906186952,all_bielliptic,0.5173816446915273,0.47665449780627045,0.47665449780627045,B->inf,0.040727146885256804,314.6481882627385,no
44.34467863156834,all_bielliptic,0.5171634467670932,0.4764154491963437,0.4764154491963437,B->inf,0.04074799757074954,314.8092756679724,no
44.686176416556805,all_bielliptic,0.5169447853857044,0.4761773157590919,0.4761773157590919,B->inf,0.04076746962661254,314.9597121106799,no
45.030304071481204,all_bielliptic,0.5167256714767406,0.47594009399087184,0.47594009399087184,B->inf,0.04078557748586881,315.099609096942,no
45.37708184893519,all_bielliptic,0.5165061158690059,0.47570378040145384,0.47570378040145384,B->inf,0.04080233546755202,315.22907725218545,no
45.72653015747744,all_bielliptic,0.5162861292914012,0.47546837151397003,0.47546837151397003,B->inf,0.04081775777743113,315.34822632678083,no
46.07866956283261,all_bielliptic,0.5160657223735965,0.4752338638648634,0.4752338638648634,B->inf,0.04083185850873311,315.4571652016263,no
46.43352078910174,all_bielliptic,0.5158449056466996,0.47500025400383666,0.47500025400383666,B->inf,0.04084465164286294,315.5560018937102,no
46.79110471998188,all_bielliptic,0.5156236895439217,0.47476753849380193,0.47476753849380193,B->inf,0.04085615105011975,315.64484356164354,no
47.151442399995226,all_bielliptic,0.5154020844012415,0.47453571391082966,0.47453571391082966,B->inf,0.04086637049041181,315.7237965111839,no
47.5145550357275,all_bielliptic,0.5151801004580657,0.4743047768440985,0.4743047768440985,B->inf,0.04087532361396723,315.79296620072637,no
47.88046399707604,all_bielliptic,0.5149577478578871,0.47407472389584504,0.47407472389584504,B->inf,0.04088302396204202,315.85245724677367,no
48.24919081850758,all_bielliptic,0.51473503664894,0.4738455516813139,0.4738455516813139,B->inf,0.04088948496762612,315.9023734293907,no
48.6207572003254,all_bielliptic,0.5145119767848535,0.4736172568287079,0.4736172568287079,B->inf,0.040894719956145575,315.9428176976293,no
48.99518500994657,all_bielliptic,0.5142885781253006,0.47338983597913836,0.47338983597913836,B->inf,0.04089874214616224,315.9738921749345,no
49.372496283188816,all_bielliptic,0.5140648504366463,0.4731632857865758,0.4731632857865758,B->inf,0.0409015646500705,315.99569816452674,no
49.75271322556749,all_bielliptic,0.5138408033925915,0.47293760291780074,0.47293760291780074,B->inf,0.04090320047479079,316.0083361547598,no
50.13585821360225,all_bielliptic,0.5136164465748154,0.4727127840523543,0.4727127840523543,B->inf,0.04090366252246114,316.0119058244637,no
50.52195379613404,all_bielliptic,0.5133917894736141,0.4724888258824901,0.4724888258824901,B->inf,0.040902963591124,316.00650604825125,no
50.911022695652136,all_bielliptic,0.5131668414885366,0.4722657251131247,0.4722657251131247,B->inf,0.04090111637541194,315.99223490181504,no
51.303087809631464,all_bielliptic,0.5129416119290189,0.47204347846178973,0.47204347846178973,B->inf,0.04089813346722915,315.96918966719267,no
51.69817221188002,all_bielliptic,0.5127161100150142,0.4718220826585833,0.4718220826585833,B->inf,0.040894027356430884,315.9374668380164,no
52.0962991538969,all_bielliptic,0.5124903448776199,0.4716015344461223,0.4716015344461223,B->inf,0.04088881043149761,315.8971621247208,no
52.497492066240774,all_bielliptic,0.5122643255597047,0.4713818305794936,0.4713818305794936,B->inf,0.04088249498021107,315.8483704597665,no
52.90177455990864,all_bielliptic,0.5120380610165283,0.47116296782620765,0.47116296782620765,B->inf,0.04087509319032062,315.7911860027876,no
53.3091704277255,all_bielliptic,0.5118115601163621,0.47094494296614936,0.47094494296614936,B->inf,0.040866617150212725,315.72570214576456,no
53.719703645744566,all_bielliptic,0.5115848316411057,0.4707277527915321,0.4707277527915321,B->inf,0.04085707884957357,315.6520115181429,no
54.13339837465841,all_bielliptic,0.5113578842868995,0.4705113941068496,0.4705113941068496,B->inf,0.04084649018004993,315.57020599193913,no
54.550278961220684,all_bielliptic,0.5111307266647365,0.4702958637288295,0.4702958637288295,B->inf,0.04083486293590699,315.480376686823,no
54.9703699396791,all_bielliptic,0.5109033673010692,0.4700811584863859,0.4700811584863859,B->inf,0.04082220881468335,315.3826139751778,no
55.39369603321925,all_bielliptic,0.5106758146384153,0.4698672752205734,0.4698672752205734,B->inf,0.04080853941784185,315.2770074871284,no
55.82028215541976,all_bielliptic,0.5104480770359592,0.4696542107845402,0.4696542107845402,B->inf,0.04079386625141895,315.1636461155585,no
56.25015341171828,all_bielliptic,0.5102201627701515,0.4694419620434819,0.4694419620434819,B->inf,0.0407782007266696,315.0426180210922,no
56.68333510088914,all_bielliptic,0.5099920800353053,0.4692305258745953,0.4692305258745953,B->inf,0.04076155416070998,314.91401063706047,no
57.11985271653225,all_bielliptic,0.5097638369441893,0.46901989916703263,0.46901989916703263,B->inf,0.040743937777156625,314.777910674438,no
57.55973194857333,all_bielliptic,0.5095354415286183,0.4688100788218555,0.4688100788218555,B->inf,0.0407253627067628,314.6344041267602,no
58.0029986847759,all_bielliptic,0.5093069017400412,0.4686010617519897,0.4686010617519897,B->inf,0.04070583998805155,314.48357627501395,no
58.44967901226478,all_bielliptic,0.509078225450125,0.46839284488217947,0.46839284488217947,B->inf,0.04068538056794557,314.32551169250365,no
58.899799219061485,all_bielliptic,0.5088494204513372,0.46818542514894235,0.46818542514894235,B->inf,0.04066399530239484,314.16029424970037,no
59.35338579563114,all_bielliptic,0.5086204944575236,0.46797879950052407,0.46797879950052407,B->inf,0.040641694956999486,313.98800711905386,no
59.81046543644162,all_bielliptic,0.5083914551044852,0.4677729648968536,0.4677729648968536,B->inf,0.04061849020763164,313.8087327797967,no
60.27106504153453,all_bielliptic,0.5081623099505508,0.46756791830949884,0.46756791830949884,B->inf,0.04059439164105194,313.6225530227075,no
60.73521171810841,all_bielliptic,0.5079330664771469,0.4673636567216214,0.4673636567216214,B->inf,0.040569409755525476,313.4295489548696,no
61.20293278211391,all_bielliptic,0.5077037320893646,0.46716017712793256,0.46716017712793256,B->inf,0.04054355496143203,313.2298010043851,no
61.67425575986144,all_bielliptic,0.5074743141165244,0.4669574765346492,0.4669574765346492,B->inf,0.04051683758187524,313.023388925082,no
62.14920838964126,all_bielliptic,0.507244819812737,0.4667555519594495,0.4667555519594495,B->inf,0.040489267853287436,312.810391801186,no
62.62781862335575,all_bielliptic,0.507015256357461,0.46655440043142904,0.46655440043142904,B->inf,0.04046085592603199,312.59088805197507,no
63.11011462816453,all_bielliptic,0.5067856308560601,0.46635401899105755,0.46635401899105755,B->inf,0.04043161186500255,312.36495543640825,no
63.59612478814215,all_bielliptic,0.5065559503403532,0.4661544046901345,0.4661544046901345,B->inf,0.04040154565021864,312.13267105772763,no
64.0858777059486,all_bielliptic,0.5063262217691658,0.46595555459174665,0.46595555459174665,B->inf,0.040370667177419106,311.89411136804284,no
64.57940220451252,all_bielliptic,0.5060964520288757,0.4657574657702243,0.4657574657702243,B->inf,0.040338986258651344,311.6493521728834,no
65.07672732872754,all_bielliptic,0.5058666479339563,0.46556013531109836,0.46556013531109836,B->inf,0.04030651262285795,311.3984686357311,no
65.57788234716162,all_bielliptic,0.5056368162275182,0.4653635603110574,0.4653635603110574,B->inf,0.040273255916460804,311.14153528253235,no
66.08289675377966,all_bielliptic,0.5054069635818469,0.46516773787790516,0.46516773787790516,B->inf,0.04023922570394173,310.8786260061843,no
66.59180026967913,all_bielliptic,0.5051770965989365,0.46497266513051777,0.46497266513051777,B->inf,0.04020443146841873,310.60981407098683,no
67.10462284483923,all_bielliptic,0.5049472218110234,0.4647783391988014,0.4647783391988014,B->inf,0.04016888261222196,310.335172117092,no
67.62139465988368,all_bielliptic,0.5047173456811133,0.46458475722365017,0.46458475722365017,B->inf,0.04013258845746309,310.0547721649034,no
68.14214612785669,all_bielliptic,0.5044874746035095,0.46439191635690397,0.46439191635690397,B->inf,0.040095558246605545,309.768685619481,no
68.66690789601294,all_bielliptic,0.5042576149043345,0.46419981376130665,0.46419981376130665,B->inf,0.04005780114302787,309.4769832748941,no
69.19571084762121,all_bielliptic,0.5040277728420506,0.46400844661046386,0.46400844661046386,B->inf,0.040019326231586716,309.17973531857064,no
69.72858610378199,all_bielliptic,0.5037979546079775,0.4638178120888022,0.4638178120888022,B->inf,0.03998014251917531,308.8770113356117,no
70.26556502525888,all_bielliptic,0.5035681663268068,0.4636279073915273,0.4636279073915273,B->inf,0.03994025893527947,308.56888031308745,no
70.80667921432432,all_bielliptic,0.5033384140571134,0.4634387297245825,0.4634387297245825,B->inf,0.03989968433253094,308.2554106443116,no
71.3519605166194,all_bielliptic,0.5031087037918642,0.463250276304608,0.463250276304608,B->inf,0.03985842748725621,307.93667013308203,no
71.9014410230282,all_bielliptic,0.5028790414589237,0.4630625443588999,0.4630625443588999,B->inf,0.03981649710002383,307.6127259979086,no
72.45515307156614,all_bielliptic,0.5026494329215571,0.4628755311253691,0.4628755311253691,B->inf,0.03977390179618795,307.2836448762131,no
73.01312924928332,all_bielliptic,0.5024198839789301,0.46268923385250105,0.46268923385250105,B->inf,0.03973065012642907,306.94949282850615,no
73.57540239418226,all_bielliptic,0.5021904003666066,0.46250364979931496,0.46250364979931496,B->inf,0.039686750567291595,306.61033534254096,no
74.1420055971506,all_bielliptic,0.5019609877570416,0.4623187762353237,0.4623187762353237,B->inf,0.039642211521717874,306.26623733743867,no
74.71297220390834,all_bielliptic,0.5017316517600742,0.46213461044049337,0.46213461044049337,B->inf,0.039597041319580806,305.9172631678035,no
75.28833581697045,all_bielliptic,0.5015023979234151,0.46195114970520373,0.46195114970520373,B->inf,0.03955124821821138,305.56347662779825,no
75.86813029762453,all_bielliptic,0.5012732317331323,0.46176839133020764,0.46176839133020764,B->inf,0.03950484040292468,305.204940955208,no
76.45238976792342,all_bielliptic,0.5010441586141343,0.4615863326265922,0.4615863326265922,B->inf,0.039457825987542106,304.84171883547447,no
77.04114861269345,all_bielliptic,0.5008151839306494,0.4614049709157383,0.4614049709157383,B->inf,0.0394102130149111,304.4738724057121,no
77.634441481558,all_bielliptic,0.500586312986704,0.46122430352928184,0.46122430352928184,B->inf,0.03936200945742213,304.1014632587013,no
78.23230329097687,all_bielliptic,0.5003575510265953,0.4610443278090744,0.4610443278090744,B->inf,0.0393132232175209,303.7245524468459,no
78.83476922630096,all_bielliptic,0.500128903235364,0.46086504110714377,0.46086504110714377,B->inf,0.039263862128220195,303.34320048612796,no
79.4418747438431,all_bielliptic,0.4999003747392621,0.46068644078565535,0.46068644078565535,B->inf,0.03921393395360673,302.9574673600228,no
80.05365557296469,all_bielliptic,0.4996719706062196,0.46050852421687316,0.46050852421687316,B->inf,0.039163446389346435,302.5674125234035,no
80.67014771817858,all_bielliptic,0.4994436958463065,0.46033128878312135,0.46033128878312135,B->inf,0.03911240706318514,302.17309490640844,no
81.29138746126782,all_bielliptic,0.4992155554121936,0.46015473187674544,0.46015473187674544,B->inf,0.03906082353544815,301.77457291830126,no
81.91741136342091,all_bielliptic,0.4989875541996103,0.45997885090007407,0.45997885090007407,B->inf,0.03900870329953621,301.3719044513025,no
82.54825626738379,all_bielliptic,0.4987596970477979,0.4598036432653809,0.4598036432653809,B->inf,0.038956053782416955,300.96514688438646,no
83.18395929962774,all_bielliptic,0.4985319887399628,0.4596291063948465,0.4596291063948465,B->inf,0.038902882345116296,300.5543570870772,no
83.82455787253454,all_bielliptic,0.49830443400372515,0.4594552377205201,0.4594552377205201,B->inf,0.038849196283205045,300.1395914232087,no
84.47008968659817,all_bielliptic,0.498077037511565,0.4592820346842822,0.4592820346842822,B->inf,0.03879500282728282,299.7209057546626,no
85.12059273264381,all_bielliptic,0.49784980388126576,0.4591094947378068,0.4591094947378068,B->inf,0.03874030914345894,299.29835544508455,no
85.77610529406327,all_bielliptic,0.49762273767635545,0.4589376153425239,0.4589376153425239,B->inf,0.038685122333831534,298.87199536358446,no
86.43666594906838,all_bielliptic,0.49739584340654464,0.4587663939695822,0.4587663939695822,B->inf,0.03862944943696245,298.4418798884065,no
87.10231357296115,all_bielliptic,0.49716912552816167,0.45859582809981175,0.45859582809981175,B->inf,0.03857329742834992,298.00806291058024,no
87.77308734042198,all_bielliptic,0.49694258844458505,0.4584259152236869,0.4584259152236869,B->inf,0.038516673220898134,297.5705978375489,no
88.44902672781477,all_bielliptic,0.49671623650667435,0.45825665284128975,0.45825665284128975,B->inf,0.0384595836653846,297.1295375967796,no
89.13017151551043,all_bielliptic,0.4964900740131964,0.45808803846227286,0.45808803846227286,B->inf,0.03840203555092353,296.6849346393437,no
89.81656179022808,all_bielliptic,0.4962641052112502,0.4579200696058228,0.4579200696058228,B->inf,0.03834403560542737,296.2368409434823,no
90.50823794739402,all_bielliptic,0.4960383342966889,0.45775274380062375,0.45775274380062375,B->inf,0.03828559049606517,295.78530801814765,no
91.20524069351924,all_bielliptic,0.4958127654145389,0.457586058584821,0.457586058584821,B->inf,0.038226706829717905,295.3303869065207,no
91.90761104859497,all_bielliptic,0.49558740265941614,0.45742001150598505,0.45742001150598505,B->inf,0.038167391153431096,294.87212818950803,no
92.61539034850702,all_bielliptic,0.4953622500759403,0.4572546001210748,0.4572546001210748,B->inf,0.03810764995486554,294.4105819892241,no
93.32862024746814,all_bielliptic,0.49513731165914576,0.4570898219964025,0.4570898219964025,B->inf,0.03804748966274324,293.94579797243625,no
94.04734272046969,all_bielliptic,0.4949125913548903,0.4569256747075974,0.4569256747075974,B->inf,0.03798691664729292,293.4778253540068,no
94.77160006575181,all_bielliptic,0.49468809306026107,0.45676215583957014,0.45676215583957014,B->inf,0.03792593722069093,293.00671290029936,no
95.50143490729302,all_bielliptic,0.4944638206239774,0.4565992629864772,0.4565992629864772,B->inf,0.03786455763750024,292.5325089325703,no
96.23689019731835,all_bielliptic,0.4942397778467925,0.4564369937516858,0.4564369937516858,B->inf,0.037802784095106734,292.05526133033953,no
96.97800921882735,all_bielliptic,0.4940159684818907,0.4562753457477382,0.4562753457477382,B->inf,0.03774062273415252,291.5750175347382,no
97.72483558814157,all_bielliptic,0.4937923962352832,0.456114316596317,0.456114316596317,B->inf,0.03767807963896619,291.0918245518326,no
98.47741325747107,all_bielliptic,0.4935690647662012,0.45595390392820984,0.45595390392820984,B->inf,0.03761516083799138,290.6057289559352,no
99.2357865175014,all_bielliptic,0.49334597768748634,0.4557941053832746,0.4557941053832746,B->inf,0.03755187230421175,290.11677689288825,no
100.0,all_bielliptic,0.4931231385659779,0.45563491861040467,0.45563491861040467,B->inf,0.03748821995557322,289.62501408332514,no
